number,title,state,created_at,updated_at,closed_at,merged_at,author,labels,is_merged,review_comments,merge_time_hours,has_data_contract_label
466,DATAPLT-357 - add Python 3.11 support and optional contracts dependency,open,2025-11-20 15:21:41+00:00,2025-11-20 15:21:41+00:00,,,aviv-bertrandmoundounga,[],False,0,,False
465,contract: remove unused invoice_number field,open,2025-11-20 15:20:57+00:00,2025-11-20 15:39:50+00:00,,,aviv-ilijavidovic,[],False,0,,False
464,"feat: add enum converter generation, remove unused package source, an…",closed,2025-11-20 15:05:05+00:00,2025-11-20 15:13:39+00:00,2025-11-20 15:13:37+00:00,2025-11-20 15:13:37+00:00,sl-fredericdalessandro,[],True,0,0.14222222222222222,False
463,fix: Update Program.cs,closed,2025-11-20 14:49:19+00:00,2025-11-20 15:17:33+00:00,2025-11-20 15:17:29+00:00,,sl-fredericdalessandro,[],False,0,,False
462,feat: enable lead v3,closed,2025-11-19 16:57:17+00:00,2025-11-19 17:14:49+00:00,2025-11-19 17:14:47+00:00,2025-11-19 17:14:47+00:00,aviv-jonyroy,[],True,0,0.2916666666666667,False
461,fix: Update publish.sh,closed,2025-11-19 15:09:00+00:00,2025-11-19 15:09:28+00:00,2025-11-19 15:09:26+00:00,2025-11-19 15:09:26+00:00,sl-fredericdalessandro,[],True,0,0.007222222222222222,False
460,"ci: update .semver file structure, remove unused package source",closed,2025-11-19 14:56:51+00:00,2025-11-19 14:58:35+00:00,2025-11-19 14:58:33+00:00,2025-11-19 14:58:33+00:00,sl-fredericdalessandro,[],True,0,0.028333333333333332,False
459,feat/add-snowflake-contracts-for-ca,closed,2025-11-19 14:55:12+00:00,2025-11-19 16:46:58+00:00,2025-11-19 16:46:56+00:00,2025-11-19 16:46:56+00:00,aviv-jonyroy,[],True,0,1.8622222222222222,False
458,feat: add repo-scoped NuGet configuration ,closed,2025-11-19 14:11:32+00:00,2025-11-19 14:12:28+00:00,2025-11-19 14:12:26+00:00,2025-11-19 14:12:26+00:00,sl-fredericdalessandro,[],True,0,0.015,False
457,feat/create-contract-v1_1-from-v1,closed,2025-11-19 12:24:25+00:00,2025-11-19 13:12:14+00:00,2025-11-19 13:09:40+00:00,,aviv-jonyroy,[],False,0,,False
456,Update publish.sh,closed,2025-11-19 11:55:10+00:00,2025-11-19 12:31:22+00:00,2025-11-19 12:31:20+00:00,2025-11-19 12:31:20+00:00,sl-fredericdalessandro,[],True,0,0.6027777777777777,False
455,refactor: update schema contracts to use SnowflakeContract ,closed,2025-11-19 11:13:20+00:00,2025-11-19 11:37:22+00:00,2025-11-19 11:37:20+00:00,2025-11-19 11:37:20+00:00,sl-fredericdalessandro,[],True,0,0.4,False
454,Contract/clso/acvnlp 2557,open,2025-11-19 10:56:11+00:00,2025-11-20 14:42:18+00:00,,,aviv-kimkocet,[],False,0,,False
453,feat: remove SNOWFLAKE_METADATA column from Snowflake schema,closed,2025-11-19 10:41:07+00:00,2025-11-19 10:41:22+00:00,2025-11-19 10:41:19+00:00,2025-11-19 10:41:19+00:00,sl-fredericdalessandro,[],True,0,0.0033333333333333335,False
452,feat: support variant type for complex/nested entities,closed,2025-11-18 16:48:27+00:00,2025-11-19 10:03:18+00:00,2025-11-19 10:03:16+00:00,2025-11-19 10:03:16+00:00,aviv-julienjehannet,['snowflake'],True,0,17.246944444444445,False
451,feat: update Typescript SDK based on new architecture,closed,2025-11-18 15:53:54+00:00,2025-11-20 08:55:45+00:00,2025-11-20 08:55:45+00:00,,aviv-bertrandmoundounga,['SDK'],False,0,,False
450,chore(deps): bump the npm_and_yarn group across 1 directory with 1 update,open,2025-11-18 15:34:14+00:00,2025-11-20 14:00:41+00:00,,,dependabot[bot],"['dependencies', 'javascript']",False,0,,False
449,chore: remove unused Aviv CodeArtifact package source from NuGet.config,closed,2025-11-18 14:28:22+00:00,2025-11-18 14:56:45+00:00,2025-11-18 14:56:43+00:00,2025-11-18 14:56:43+00:00,sl-fredericdalessandro,[],True,0,0.4725,False
448,chore: revert ts build,closed,2025-11-18 14:07:21+00:00,2025-11-18 14:11:07+00:00,2025-11-18 14:11:06+00:00,2025-11-18 14:11:06+00:00,sl-fredericdalessandro,[],True,0,0.0625,False
447,feat: re-introduce SNOWFLAKE_INGESTION_TS,closed,2025-11-18 12:59:45+00:00,2025-11-18 15:09:21+00:00,2025-11-18 15:09:19+00:00,2025-11-18 15:09:19+00:00,aviv-julienjehannet,['snowflake'],True,1,2.1594444444444445,False
446,feat: add new invoice and refund versions,closed,2025-11-18 11:26:30+00:00,2025-11-18 13:16:54+00:00,2025-11-18 13:16:52+00:00,2025-11-18 13:16:52+00:00,aviv-ilijavidovic,['data-contract'],True,0,1.8394444444444444,True
445,build(deps-dev): bump glob from 11.0.3 to 11.1.0 in /contribs/aviv_data_platform_ts_sdk in the npm_and_yarn group across 1 directory,closed,2025-11-18 07:45:59+00:00,2025-11-18 15:34:20+00:00,2025-11-18 15:34:19+00:00,,dependabot[bot],"['dependencies', 'SDK', 'javascript']",False,0,,False
444,feat: propose incident_channels annotation,closed,2025-11-18 07:43:44+00:00,2025-11-18 10:28:36+00:00,2025-11-18 10:28:34+00:00,2025-11-18 10:28:34+00:00,aviv-julienjehannet,"['enhancement', 'snowflake']",True,0,2.7472222222222222,False
443,ci: enable terraform live steps,closed,2025-11-17 18:55:38+00:00,2025-11-17 22:28:43+00:00,2025-11-17 22:28:42+00:00,2025-11-17 22:28:42+00:00,aviv-julienjehannet,['infrastructure'],True,0,3.551111111111111,False
442,chore: disable ts sdk,closed,2025-11-17 14:14:21+00:00,2025-11-17 14:15:52+00:00,2025-11-17 14:15:51+00:00,2025-11-17 14:15:51+00:00,sl-fredericdalessandro,[],True,0,0.025,False
441,chore: remove unused Aviv CodeArtifact package source from NuGet.config,closed,2025-11-17 13:54:26+00:00,2025-11-17 13:59:20+00:00,2025-11-17 13:59:18+00:00,2025-11-17 13:59:18+00:00,sl-fredericdalessandro,[],True,0,0.0811111111111111,False
440,feat(CLSA): MO-2419 - add new values for place enum,closed,2025-11-17 10:34:47+00:00,2025-11-19 09:32:30+00:00,2025-11-19 09:32:27+00:00,2025-11-19 09:32:27+00:00,gsl-mohamedsoueid,"['data-contract', 'data-model']",True,0,46.96111111111111,True
439,feat: add qsl lead assignment new fields,closed,2025-11-14 10:39:21+00:00,2025-11-14 10:48:31+00:00,2025-11-14 10:48:28+00:00,2025-11-14 10:48:28+00:00,sl-nicolasmoteley,[],True,0,0.15194444444444444,False
438,Pydantic to snowflake tables creation (closes: DATAPLT-285),closed,2025-11-12 15:18:43+00:00,2025-11-14 13:31:23+00:00,2025-11-14 13:31:21+00:00,2025-11-14 13:31:21+00:00,aviv-julienjehannet,[],True,0,46.21055555555556,False
437,feat(snowflake): use Fred's format for scheduling entry,closed,2025-11-12 14:54:21+00:00,2025-11-12 15:15:28+00:00,2025-11-12 15:15:26+00:00,2025-11-12 15:15:25+00:00,aviv-julienjehannet,[],True,0,0.3511111111111111,False
436,Contract/ext/properbird/immoscout offer type,closed,2025-11-12 14:05:43+00:00,2025-11-12 14:13:14+00:00,2025-11-12 14:13:13+00:00,2025-11-12 14:13:13+00:00,sl-nicolasmoteley,[],True,0,0.125,False
435,[MOD] Visibility : Add jobs iam arn in policies.,closed,2025-11-12 13:59:47+00:00,2025-11-12 16:57:58+00:00,2025-11-12 16:57:56+00:00,2025-11-12 16:57:56+00:00,gsl-laetitiapouletdegrimouard,[],True,0,2.9691666666666667,False
434,feat(SSAL): add Scheduling policy,closed,2025-11-12 13:02:51+00:00,2025-11-12 13:17:45+00:00,2025-11-12 13:17:43+00:00,2025-11-12 13:17:43+00:00,aviv-julienjehannet,"['governance', 'ingestion']",True,0,0.2477777777777778,False
433,DATAPLT-353 - update Python SDK based on new architecture with unified async client,closed,2025-11-12 11:02:04+00:00,2025-11-19 17:19:08+00:00,2025-11-19 16:30:41+00:00,2025-11-19 16:30:41+00:00,aviv-bertrandmoundounga,['SDK'],True,6,173.47694444444446,False
432,fix: remove load_date field from Properbird aggregated tables,closed,2025-11-12 09:41:07+00:00,2025-11-12 10:04:31+00:00,2025-11-12 10:04:30+00:00,2025-11-12 10:04:29+00:00,sl-nicolasmoteley,[],True,0,0.3894444444444444,False
431,chore(CLSA): MO-2393 add new portal value YSQ-DEU for Yoursquare partnership leads,closed,2025-11-12 08:34:20+00:00,2025-11-14 10:22:06+00:00,2025-11-14 10:22:04+00:00,2025-11-14 10:22:04+00:00,aviv-ejonakodra,"['data-contract', 'data-model']",True,1,49.79555555555555,True
430,feat: new SnowflakeContract class for better separation,closed,2025-11-07 14:17:56+00:00,2025-11-07 16:37:45+00:00,2025-11-07 16:37:43+00:00,2025-11-07 16:37:43+00:00,aviv-julienjehannet,[],True,0,2.3297222222222222,False
429,feat: Pydantic to snowflake tables creation (DATAPLT-285),closed,2025-11-06 16:18:58+00:00,2025-11-07 11:16:55+00:00,2025-11-07 11:16:52+00:00,2025-11-07 11:16:52+00:00,aviv-julienjehannet,[],True,0,18.965,False
428,feat: complete rewrite of the Python SDK based on Java SDK architecture with unified async client and type-safe API,closed,2025-11-06 13:25:50+00:00,2025-11-10 08:41:52+00:00,2025-11-10 08:41:52+00:00,,aviv-bertrandmoundounga,[],False,5,,False
427,"fix: use uppercase by default, when possible",closed,2025-11-06 13:15:28+00:00,2025-11-06 13:24:07+00:00,2025-11-06 13:24:05+00:00,2025-11-06 13:24:05+00:00,aviv-julienjehannet,[],True,0,0.1436111111111111,False
426,test: support package_version,closed,2025-11-06 08:51:34+00:00,2025-11-06 09:03:21+00:00,2025-11-06 09:03:19+00:00,2025-11-06 09:03:18+00:00,aviv-julienjehannet,[],True,0,0.19555555555555557,False
425,feat(PAYM): unpause data contracts,closed,2025-11-05 16:34:59+00:00,2025-11-05 16:41:34+00:00,2025-11-05 16:41:32+00:00,2025-11-05 16:41:32+00:00,aviv-julienjehannet,['data-contract'],True,0,0.10916666666666666,True
424,feat: DATAPLT-340 - Create csharp SDK,closed,2025-11-04 23:26:04+00:00,2025-11-17 13:38:40+00:00,2025-11-17 13:38:39+00:00,2025-11-17 13:38:39+00:00,sl-fredericdalessandro,['SDK'],True,0,302.20972222222224,False
423,feat: DATAPLT-339 - Create SDK spec version in java,closed,2025-11-04 17:52:27+00:00,2025-11-06 10:30:20+00:00,2025-11-06 10:30:18+00:00,2025-11-06 10:30:18+00:00,sl-fredericdalessandro,['SDK'],True,0,40.630833333333335,False
422,feat: add new fields housing classified,open,2025-11-03 19:49:50+00:00,2025-11-17 08:02:47+00:00,,,Laitbelhoussein,['data-contract'],False,1,,True
421,"feat(snowflake): find a better file hierarchy by supporting environement (dev, live)",closed,2025-11-03 16:43:08+00:00,2025-11-04 14:10:03+00:00,2025-11-04 14:10:01+00:00,2025-11-04 14:10:01+00:00,aviv-julienjehannet,[],True,0,21.448055555555555,False
420,feat: DATAPLT-333 add glue save method in python sdk (with avro contract validation),open,2025-11-03 16:10:51+00:00,2025-11-20 15:26:49+00:00,,,sl-fredericdalessandro,['SDK'],False,0,,False
419,feat: deploy Properbird contracts to Live,closed,2025-11-03 10:00:53+00:00,2025-11-03 10:15:37+00:00,2025-11-03 10:15:35+00:00,2025-11-03 10:15:35+00:00,sl-nicolasmoteley,['data-contract'],True,0,0.245,True
418,fix: no need for pull,closed,2025-10-31 16:18:29+00:00,2025-10-31 16:18:41+00:00,2025-10-31 16:18:40+00:00,2025-10-31 16:18:40+00:00,aviv-julienjehannet,[],True,0,0.0030555555555555557,False
417,feat: move common settings into aviv.data.platform module,closed,2025-10-31 15:48:58+00:00,2025-10-31 15:50:22+00:00,2025-10-31 15:50:20+00:00,2025-10-31 15:50:20+00:00,aviv-julienjehannet,[],True,0,0.02277777777777778,False
416,Feat/arns,closed,2025-10-31 13:30:00+00:00,2025-10-31 13:39:01+00:00,2025-10-31 13:39:00+00:00,2025-10-31 13:39:00+00:00,aviv-julienjehannet,[],True,0,0.15,False
415,feat(MKNN): update indice model,closed,2025-10-31 13:03:46+00:00,2025-10-31 14:52:31+00:00,2025-10-31 14:52:29+00:00,2025-10-31 14:52:29+00:00,aviv-hamzaeljaoui,[],True,0,1.8119444444444444,False
414,feat: add snowflake info in roster file,closed,2025-10-31 11:54:00+00:00,2025-10-31 14:58:07+00:00,2025-10-31 14:58:05+00:00,2025-10-31 14:58:05+00:00,aviv-julienjehannet,[],True,2,3.0680555555555555,False
413,feat: add real estate price data models for Germany and France,closed,2025-10-31 08:33:57+00:00,2025-10-31 15:05:00+00:00,2025-10-31 15:04:58+00:00,2025-10-31 15:04:58+00:00,aviv-hamzaeljaoui,['data-contract'],True,17,6.516944444444444,True
412,Feat/batch integration dev,closed,2025-10-31 08:10:40+00:00,2025-11-06 13:26:08+00:00,2025-11-06 13:26:08+00:00,,aviv-bertrandmoundounga,['infrastructure'],False,7,,False
411,ci: push roster file with producer arns to infra repo after merge ,closed,2025-10-30 14:19:04+00:00,2025-10-31 15:22:16+00:00,2025-10-31 15:22:14+00:00,2025-10-31 15:22:14+00:00,aviv-julienjehannet,['infrastructure'],True,0,25.052777777777777,False
410,feat: implement push method for uploading validated records to S3 staging bucket,closed,2025-10-30 09:18:46+00:00,2025-11-06 13:26:44+00:00,2025-11-06 13:26:44+00:00,,aviv-bertrandmoundounga,['infrastructure'],False,0,,False
409,feat: DATAPLT-327 - Terraform project setup,closed,2025-10-29 17:50:32+00:00,2025-10-31 17:15:50+00:00,2025-10-31 17:15:48+00:00,2025-10-31 17:15:48+00:00,sl-fredericdalessandro,['infrastructure'],True,0,47.42111111111111,False
408,feat: use expected keys in tfvars like file,closed,2025-10-29 13:54:47+00:00,2025-10-30 13:39:50+00:00,2025-10-30 13:39:48+00:00,2025-10-30 13:39:48+00:00,aviv-julienjehannet,"['enhancement', 'dependencies', 'snowflake']",True,0,23.75027777777778,False
407,feat: update ingestion mode,closed,2025-10-28 16:06:53+00:00,2025-10-29 10:42:09+00:00,2025-10-29 10:42:08+00:00,2025-10-29 10:42:08+00:00,aviv-marcjonot,"['data-contract', 'integration over compliance']",True,0,18.5875,True
406,feat: report PII metadata at table level (closes: DATAPLT-207),closed,2025-10-27 13:42:05+00:00,2025-10-27 13:59:03+00:00,2025-10-27 13:59:01+00:00,2025-10-27 13:59:01+00:00,aviv-julienjehannet,"['documentation', 'governance']",True,0,0.2822222222222222,False
405,Contract/bbcr/account group rel product,closed,2025-10-27 13:21:22+00:00,2025-10-27 15:13:43+00:00,2025-10-27 15:13:42+00:00,2025-10-27 15:13:42+00:00,sl-nicolasmoteley,['data-contract'],True,0,1.8722222222222222,True
404,feat: create data quality for salesforce tables data contract schema,closed,2025-10-27 11:28:28+00:00,2025-10-29 10:54:42+00:00,2025-10-29 10:54:40+00:00,2025-10-29 10:54:40+00:00,gsl-raniaelbouhssini,['data-contract'],True,5,47.43666666666667,True
403,feat: clean previous legacy ingestion mode,closed,2025-10-24 14:00:43+00:00,2025-10-28 12:42:08+00:00,2025-10-28 12:42:06+00:00,2025-10-28 12:42:06+00:00,aviv-julienjehannet,"['enhancement', 'data-contract', 'dependencies', 'governance', 'migration', 'ingestion']",True,3,94.68972222222222,True
402,feat: add indice contract,closed,2025-10-24 09:29:55+00:00,2025-10-31 08:15:37+00:00,2025-10-31 08:15:36+00:00,2025-10-31 08:15:36+00:00,aviv-hamzaeljaoui,"['data-contract', 'integration over compliance']",True,8,166.7613888888889,True
401,Update README.md,closed,2025-10-23 10:15:36+00:00,2025-10-24 15:59:42+00:00,2025-10-24 15:59:40+00:00,2025-10-24 15:59:40+00:00,aviv-julienjehannet,['documentation'],True,0,29.734444444444446,False
400,"feat: add new fields for NCP InvoiceLine, Subscription, Task and User objects",closed,2025-10-22 16:07:49+00:00,2025-10-24 15:42:16+00:00,2025-10-24 15:42:15+00:00,2025-10-24 15:42:15+00:00,sl-nicolasmoteley,[],True,0,47.57388888888889,False
399,Update pull_request_template.md,closed,2025-10-22 12:19:14+00:00,2025-10-23 07:34:04+00:00,2025-10-23 07:34:02+00:00,2025-10-23 07:34:02+00:00,PascaleBrun,['documentation'],True,0,19.246666666666666,False
398,Add legacy classified purchase target type,closed,2025-10-22 10:19:25+00:00,2025-10-22 13:06:05+00:00,2025-10-22 13:06:02+00:00,2025-10-22 13:06:02+00:00,aviv-mladenstoiljkovic,"['data-contract', 'data-model']",True,0,2.7769444444444447,True
397,fix(governance): forget previous dataset version in favor of v3,closed,2025-10-17 13:58:17+00:00,2025-10-21 07:50:34+00:00,2025-10-21 07:50:33+00:00,2025-10-21 07:50:33+00:00,aviv-julienjehannet,"['data-contract', 'governance']",True,0,89.8711111111111,True
396,feat: development branch,closed,2025-10-17 12:05:37+00:00,2025-10-28 13:35:31+00:00,2025-10-28 13:35:29+00:00,2025-10-28 13:35:29+00:00,aviv-julienjehannet,"['do_not_merge', 'dependencies', 'python']",True,0,265.4977777777778,False
395,chore: migrate legacy modes to production phase across multiple contr…,closed,2025-10-17 08:43:17+00:00,2025-10-17 09:16:46+00:00,2025-10-17 09:16:45+00:00,2025-10-17 09:16:45+00:00,aviv-hamzaeljaoui,[],True,0,0.5577777777777778,False
394,feat: add codelist poe command,closed,2025-10-16 13:45:22+00:00,2025-10-16 14:46:43+00:00,2025-10-16 14:46:42+00:00,2025-10-16 14:46:42+00:00,aviv-julienjehannet,"['documentation', 'enhancement']",True,0,1.0222222222222221,False
393,feat(CLSA): MO-2361 - add new value for place enum,closed,2025-10-16 12:26:16+00:00,2025-10-20 08:10:16+00:00,2025-10-20 08:10:14+00:00,2025-10-20 08:10:14+00:00,gsl-mohamedsoueid,['data-model'],True,0,91.73277777777778,False
392,feat: add new field for NCP Subscription,closed,2025-10-16 12:20:40+00:00,2025-10-16 13:32:11+00:00,2025-10-16 13:32:10+00:00,2025-10-16 13:32:10+00:00,sl-nicolasmoteley,['data-contract'],True,0,1.1916666666666667,True
391,feat: cleaning DateTime symbol in favor of Timestamp,closed,2025-10-16 12:01:43+00:00,2025-10-16 12:31:25+00:00,2025-10-16 12:31:23+00:00,2025-10-16 12:31:23+00:00,aviv-julienjehannet,['migration'],True,0,0.49444444444444446,False
390,test: deploy contract with metadata,closed,2025-10-16 10:00:16+00:00,2025-10-16 10:14:23+00:00,2025-10-16 10:14:21+00:00,2025-10-16 10:14:21+00:00,aviv-julienjehannet,[],True,0,0.23472222222222222,False
389,"feat: add new field for NCP Subscription, Quote_Line and Task tables",closed,2025-10-15 13:27:05+00:00,2025-10-15 15:17:57+00:00,2025-10-15 15:17:56+00:00,2025-10-15 15:17:56+00:00,sl-nicolasmoteley,['data-contract'],True,0,1.8475,True
388,ci: refactor code artifact package purge process,closed,2025-10-15 09:24:43+00:00,2025-10-15 14:49:13+00:00,2025-10-15 14:49:11+00:00,2025-10-15 14:49:11+00:00,aviv-julienjehannet,[],True,0,5.407777777777778,False
387,feat: exclude data contract examples from schemata registration,closed,2025-10-15 09:19:35+00:00,2025-10-15 10:10:37+00:00,2025-10-15 10:10:35+00:00,2025-10-15 10:10:35+00:00,aviv-julienjehannet,[],True,0,0.85,False
386,fix: abandon automated PR for S3 connector upon PR open & merge on contract repo (closes: #DATAPLT-199),closed,2025-10-15 07:47:37+00:00,2025-10-15 07:52:13+00:00,2025-10-15 07:52:11+00:00,2025-10-15 07:52:11+00:00,aviv-julienjehannet,"['dependencies', 'ingestion']",True,0,0.07611111111111112,False
385,feat: add a new subtype for automatically saved favourites,closed,2025-10-14 14:30:53+00:00,2025-10-16 11:59:16+00:00,2025-10-16 11:59:14+00:00,2025-10-16 11:59:14+00:00,aviv-ejonakodra,['data-model'],True,4,45.4725,False
384,fix: fast registering (closes: DATAPLT-190),closed,2025-10-14 09:52:37+00:00,2025-10-14 11:57:43+00:00,2025-10-14 11:51:13+00:00,,aviv-julienjehannet,[],False,0,,False
383,chore: update place_id comment,closed,2025-10-14 07:51:19+00:00,2025-10-14 11:57:20+00:00,2025-10-14 07:53:03+00:00,,aviv-julienjehannet,[],False,0,,False
382,fix(DATAPLT-248): Remove IngestionPeriod and keep flexible Scheduling,closed,2025-10-13 13:38:18+00:00,2025-10-13 15:41:25+00:00,2025-10-13 15:41:24+00:00,2025-10-13 15:41:23+00:00,aviv-fathallahelmasri,"['enhancement', 'governance']",True,0,2.051388888888889,False
381,feat: refactor sdk version management,closed,2025-10-10 15:47:35+00:00,2025-10-14 11:59:37+00:00,2025-10-14 11:59:35+00:00,2025-10-14 11:59:35+00:00,aviv-julienjehannet,"['enhancement', 'dependencies', 'python', 'SDK']",True,0,92.2,False
380,feat(rules): implement D101,closed,2025-10-09 15:07:38+00:00,2025-10-14 11:57:39+00:00,2025-10-09 15:49:25+00:00,,aviv-julienjehannet,"['enhancement', 'governance']",False,0,,False
379,feat(rules): implement D101,closed,2025-10-09 13:06:15+00:00,2025-10-09 17:07:07+00:00,2025-10-09 17:07:05+00:00,2025-10-09 17:07:05+00:00,aviv-julienjehannet,"['enhancement', 'governance']",True,0,4.013888888888889,False
378,fix: handle missing package versions in publish script gracefully,closed,2025-10-09 13:03:19+00:00,2025-10-17 22:58:15+00:00,2025-10-09 15:11:11+00:00,2025-10-09 15:11:11+00:00,sl-fredericdalessandro,[],True,0,2.131111111111111,False
377,ci: fix live deployment for python sdk and avoid version jump for avi…,closed,2025-10-09 10:26:48+00:00,2025-10-09 10:27:32+00:00,2025-10-09 10:27:31+00:00,2025-10-09 10:27:31+00:00,aviv-julienjehannet,[],True,0,0.011944444444444445,False
376,fix: cleaning platform related-code,closed,2025-10-09 09:56:36+00:00,2025-10-09 10:03:27+00:00,2025-10-09 10:03:25+00:00,2025-10-09 10:03:24+00:00,aviv-julienjehannet,[],True,0,0.11333333333333333,False
375,feat: add brand and classified customer type to moderation log,closed,2025-10-09 09:14:33+00:00,2025-10-10 10:15:26+00:00,2025-10-10 10:15:24+00:00,2025-10-10 10:15:24+00:00,orrfray,['data-contract'],True,4,25.014166666666668,True
374,feat: fast registration for dev branches,closed,2025-10-09 08:41:59+00:00,2025-10-09 09:09:42+00:00,2025-10-09 09:09:40+00:00,2025-10-09 09:09:40+00:00,aviv-julienjehannet,[],True,0,0.4613888888888889,False
373,ci: detect possible wrong poetry invocation,closed,2025-10-09 06:38:21+00:00,2025-10-09 07:09:34+00:00,2025-10-09 07:09:33+00:00,2025-10-09 07:09:33+00:00,aviv-julienjehannet,"['bug', 'SDK']",True,0,0.52,False
372,feat(geor): propose a PlaceId model definition,closed,2025-10-08 16:30:45+00:00,2025-10-13 15:48:39+00:00,2025-10-13 15:48:37+00:00,2025-10-13 15:48:37+00:00,aviv-julienjehannet,['data-model'],True,0,119.29777777777778,False
371,chore: update pyproject.toml,closed,2025-10-08 15:49:17+00:00,2025-10-08 16:03:45+00:00,2025-10-08 16:03:43+00:00,2025-10-08 16:03:43+00:00,aviv-julienjehannet,"['enhancement', 'dependencies']",True,0,0.24055555555555555,False
370,ci: bump version manually (and reduce log output),closed,2025-10-08 14:40:44+00:00,2025-10-08 14:41:35+00:00,2025-10-08 14:41:34+00:00,2025-10-08 14:41:33+00:00,aviv-julienjehannet,[],True,0,0.01361111111111111,False
369,feat: GO NCP Prod + add new field for Credit Note,closed,2025-10-08 14:24:31+00:00,2025-10-08 16:08:51+00:00,2025-10-08 16:08:47+00:00,2025-10-08 16:08:47+00:00,sl-nicolasmoteley,['data-contract'],True,0,1.7377777777777779,True
368,"fix: add PK to sort order items, add partition to record_ts",closed,2025-10-08 13:31:30+00:00,2025-10-08 18:14:50+00:00,2025-10-08 18:14:48+00:00,2025-10-08 18:14:48+00:00,AShymanski,['data-contract'],True,0,4.721666666666667,True
367,fix: clarify PII001 exception report,closed,2025-10-08 13:04:09+00:00,2025-10-08 13:57:14+00:00,2025-10-08 13:57:12+00:00,2025-10-08 13:57:12+00:00,aviv-julienjehannet,[],True,0,0.8841666666666667,False
366,fix(governance): use right capability code and put in DEVELOPMENT contracts with missing PII levels,closed,2025-10-08 07:58:32+00:00,2025-10-08 14:03:13+00:00,2025-10-08 14:03:11+00:00,2025-10-08 14:03:11+00:00,aviv-julienjehannet,"['bug', 'data-contract', 'governance']",True,0,6.0775,True
365,feat: update ingestion policies and set phase to DEVELOPMENT for mult…,closed,2025-10-07 09:43:56+00:00,2025-10-07 13:08:42+00:00,2025-10-07 13:08:40+00:00,2025-10-07 13:08:40+00:00,aviv-hamzaeljaoui,[],True,0,3.4122222222222223,False
364,Contract/ssal/hyp 2470,closed,2025-10-03 15:36:44+00:00,2025-10-30 15:20:29+00:00,2025-10-30 15:20:26+00:00,2025-10-30 15:20:26+00:00,sl-gregoirejunqua,['data-contract'],True,31,647.7283333333334,True
363,feat: uv migration,closed,2025-10-03 12:20:45+00:00,2025-10-07 16:19:11+00:00,2025-10-07 16:19:09+00:00,2025-10-07 16:19:09+00:00,aviv-julienjehannet,"['documentation', 'enhancement', 'dependencies', 'python', 'migration']",True,0,99.97333333333333,False
362,fix: Fixing parking column names,closed,2025-10-03 09:19:54+00:00,2025-10-08 12:39:21+00:00,2025-10-08 12:39:19+00:00,2025-10-08 12:39:19+00:00,florianhyseni-aviv,['data-contract'],True,8,123.3236111111111,True
361,Contract/bbcr/sub invoice line,closed,2025-10-02 13:58:58+00:00,2025-10-03 08:56:52+00:00,2025-10-03 08:56:51+00:00,2025-10-03 08:56:50+00:00,sl-nicolasmoteley,['data-contract'],True,0,18.964444444444446,True
360,ci: prefer asdf to install python for now (will be replaced by uv soon),closed,2025-10-02 10:35:55+00:00,2025-10-02 11:30:51+00:00,2025-10-02 11:30:49+00:00,2025-10-02 11:30:49+00:00,aviv-julienjehannet,[],True,0,0.915,False
359,feat: Add contract to preview,closed,2025-10-01 16:09:40+00:00,2025-10-01 16:25:01+00:00,2025-10-01 16:24:59+00:00,2025-10-01 16:24:59+00:00,aviv-davidmartinez,[],True,0,0.25527777777777777,False
358,feat: export avrodoc documentation,closed,2025-10-01 15:35:45+00:00,2025-10-01 15:58:06+00:00,2025-10-01 15:58:05+00:00,2025-10-01 15:58:04+00:00,aviv-julienjehannet,"['documentation', 'enhancement', 'dependencies', 'governance']",True,0,0.37194444444444447,False
357,Fix/ci2,closed,2025-10-01 13:31:19+00:00,2025-10-01 13:40:59+00:00,2025-10-01 13:40:57+00:00,2025-10-01 13:40:57+00:00,aviv-julienjehannet,[],True,0,0.16055555555555556,False
356,ci: add debug,closed,2025-10-01 13:19:23+00:00,2025-10-01 13:19:48+00:00,2025-10-01 13:19:46+00:00,2025-10-01 13:19:46+00:00,aviv-julienjehannet,[],True,0,0.006388888888888889,False
355,feat: Add field is deleted,closed,2025-10-01 12:52:43+00:00,2025-10-01 14:48:57+00:00,2025-10-01 14:48:53+00:00,2025-10-01 14:48:53+00:00,aviv-davidmartinez,['data-contract'],True,4,1.9361111111111111,True
354,feat: Add is_deleted field,closed,2025-10-01 12:25:47+00:00,2025-10-01 12:50:22+00:00,2025-10-01 12:50:22+00:00,,aviv-davidmartinez,[],False,0,,False
353,bump: manual update due to ci bug,closed,2025-10-01 12:00:48+00:00,2025-10-01 12:01:20+00:00,2025-10-01 12:01:18+00:00,2025-10-01 12:01:18+00:00,aviv-julienjehannet,[],True,0,0.008333333333333333,False
352,fix: missing git credentials,closed,2025-10-01 11:43:44+00:00,2025-10-01 11:44:10+00:00,2025-10-01 11:44:08+00:00,2025-10-01 11:44:08+00:00,aviv-julienjehannet,[],True,0,0.006666666666666667,False
351,feat: remove DEVELOPMENT phase annotation from CSMG,closed,2025-09-30 14:51:49+00:00,2025-10-03 09:00:56+00:00,2025-10-03 09:00:56+00:00,2025-10-03 09:00:56+00:00,aviv-hamzaeljaoui,['data-contract'],True,1,66.15194444444444,True
350,fix: ingestion spec is incomplete. saleforce contracts require this c…,closed,2025-09-29 16:31:17+00:00,2025-10-14 11:57:54+00:00,2025-10-02 07:15:38+00:00,,aviv-julienjehannet,"['bug', 'migration', 'ingestion']",False,0,,False
349,chore: Updating and adding new contract for SSOT,closed,2025-09-29 14:36:23+00:00,2025-10-01 14:10:51+00:00,2025-10-01 14:10:49+00:00,2025-10-01 14:10:49+00:00,florianhyseni-aviv,['integration over compliance'],True,12,47.57388888888889,False
348,Chore: Updating and adding new Contract for SSOT,closed,2025-09-29 10:13:47+00:00,2025-10-03 09:13:55+00:00,2025-09-29 14:36:53+00:00,,florianhyseni-aviv,[],False,4,,False
347,Feat/refactor ci cache,closed,2025-09-27 11:43:30+00:00,2025-10-01 11:18:58+00:00,2025-10-01 11:18:57+00:00,2025-10-01 11:18:57+00:00,aviv-julienjehannet,"['enhancement', 'dependencies']",True,0,95.59083333333334,False
346,fix: update ingestion policies to use APPEND and INCREMENTAL modes,closed,2025-09-26 09:21:21+00:00,2025-09-26 09:45:50+00:00,2025-09-26 09:45:48+00:00,2025-09-26 09:45:48+00:00,aviv-hamzaeljaoui,[],True,0,0.4075,False
345,Fix/refactor tests,closed,2025-09-25 14:27:50+00:00,2025-09-29 10:41:38+00:00,2025-09-29 10:41:36+00:00,2025-09-29 10:41:36+00:00,aviv-julienjehannet,"['enhancement', 'governance']",True,0,92.22944444444444,False
344,feat: change code for automatic rules for snake case conventions,closed,2025-09-25 09:43:30+00:00,2025-09-25 09:52:52+00:00,2025-09-25 09:52:49+00:00,2025-09-25 09:52:49+00:00,aviv-julienjehannet,[],True,0,0.15527777777777776,False
343,feat: Add legacy user ID field for Not WL SSAL ingestion,closed,2025-09-24 15:51:27+00:00,2025-10-17 15:47:19+00:00,2025-10-17 15:47:19+00:00,,aviv-marcjonot,"['data-contract', 'outdated']",False,8,,True
342,"fix(registry): in all cases, we have to ensure that schema does exists in the registry",closed,2025-09-24 09:43:01+00:00,2025-09-24 09:44:52+00:00,2025-09-24 09:44:50+00:00,2025-09-24 09:44:50+00:00,aviv-julienjehannet,[],True,0,0.03027777777777778,False
341,Fix/ci,closed,2025-09-24 08:00:57+00:00,2025-09-24 08:12:00+00:00,2025-09-24 08:11:58+00:00,2025-09-24 08:11:58+00:00,aviv-julienjehannet,[],True,0,0.1836111111111111,False
340,Fix/ci,closed,2025-09-24 07:38:57+00:00,2025-09-24 08:00:48+00:00,2025-09-24 07:40:09+00:00,2025-09-24 07:40:09+00:00,aviv-julienjehannet,[],True,0,0.02,False
339,fix(registry): we sync variant file only on disk,closed,2025-09-24 06:48:44+00:00,2025-09-24 07:01:54+00:00,2025-09-24 07:01:52+00:00,2025-09-24 07:01:51+00:00,aviv-julienjehannet,['bug'],True,0,0.21861111111111112,False
338,feat: new contract contract/CLTR/TITAN-1597,closed,2025-09-23 13:31:11+00:00,2025-09-25 15:21:00+00:00,2025-09-25 15:20:58+00:00,2025-09-25 15:20:58+00:00,aviv-michalkawczak,"['data-contract', 'governance']",True,9,49.82972222222222,True
337,docs(ts-sdk): add important warning for historical data export process in README,closed,2025-09-23 13:09:52+00:00,2025-11-03 08:42:15+00:00,2025-11-03 08:42:15+00:00,,aviv-hamzaeljaoui,"['documentation', 'SDK']",False,1,,False
336,feat: migrate all SDK schemas to new ingestion modes,closed,2025-09-23 11:18:52+00:00,2025-09-23 11:32:23+00:00,2025-09-23 11:32:23+00:00,,aviv-hamzaeljaoui,[],False,0,,False
335,ci: allow several resource classes as arm64 for python build (workaround),closed,2025-09-23 09:51:53+00:00,2025-09-25 13:57:57+00:00,2025-09-23 11:17:11+00:00,,aviv-julienjehannet,[],False,0,,False
334,fix(cli): new contract calculation in paused command,closed,2025-09-22 10:28:06+00:00,2025-09-23 07:40:09+00:00,2025-09-23 07:40:07+00:00,2025-09-23 07:40:07+00:00,aviv-julienjehannet,['bug'],True,0,21.200277777777778,False
333,feat: Salesforce new ingestion mode + minor fixes + new columns,closed,2025-09-19 15:10:12+00:00,2025-09-23 08:09:59+00:00,2025-09-23 08:09:58+00:00,2025-09-23 08:09:58+00:00,sl-nicolasmoteley,"['data-contract', 'ingestion']",True,0,88.9961111111111,True
332,feat: CSMG - migration to new ingestion modes,closed,2025-09-19 12:16:55+00:00,2025-09-23 20:23:45+00:00,2025-09-23 20:23:43+00:00,2025-09-23 20:23:43+00:00,aviv-julienjehannet,"['governance', 'ingestion']",True,1,104.11333333333333,False
331,feat: new contract contract/CLTR/TITAN-1624,closed,2025-09-19 09:59:46+00:00,2025-09-22 09:11:47+00:00,2025-09-22 09:11:45+00:00,2025-09-22 09:11:45+00:00,aviv-dawidkrol,['data-contract'],True,4,71.19972222222222,True
330,Fix/sdk on demand,closed,2025-09-18 09:36:08+00:00,2025-09-19 10:09:15+00:00,2025-09-19 10:09:13+00:00,2025-09-19 10:09:13+00:00,aviv-julienjehannet,[],True,0,24.551388888888887,False
329,ci(sdk): synchronize release version with primary project,closed,2025-09-17 12:38:59+00:00,2025-09-17 13:00:10+00:00,2025-09-17 13:00:08+00:00,2025-09-17 13:00:07+00:00,aviv-julienjehannet,"['bug', 'dependencies']",True,0,0.3522222222222222,False
328,ci: fix end of file,closed,2025-09-17 09:57:35+00:00,2025-09-17 10:16:01+00:00,2025-09-17 10:15:59+00:00,2025-09-17 10:15:59+00:00,aviv-julienjehannet,['bug'],True,0,0.30666666666666664,False
327,Feat/rulesbook,closed,2025-09-17 09:47:23+00:00,2025-09-19 11:50:25+00:00,2025-09-19 11:50:23+00:00,2025-09-19 11:50:23+00:00,aviv-julienjehannet,"['enhancement', 'governance']",True,0,50.05,False
326,feat: Implement ACVNLP-2085,closed,2025-09-16 08:23:28+00:00,2025-09-17 12:46:51+00:00,2025-09-17 08:05:20+00:00,2025-09-17 08:05:20+00:00,aviv-marcjonot,['data-model'],True,1,23.697777777777777,False
325,chore(avis): add missing subtype for adimsxl redirect to ipp,closed,2025-09-12 11:46:51+00:00,2025-09-12 12:14:13+00:00,2025-09-12 12:14:10+00:00,2025-09-12 12:14:10+00:00,nherbin-ma,[],True,0,0.4552777777777778,False
324,feat: Implement contract for Seller Lead Scoring Transaction Predicti…,closed,2025-09-09 08:22:50+00:00,2025-09-11 12:21:14+00:00,2025-09-11 12:21:14+00:00,,aviv-marcjonot,['data-contract'],False,28,,True
323,feat: PartitionLayout must be explicit (closes: DATAPLT-201),closed,2025-09-08 20:39:40+00:00,2025-09-25 10:04:13+00:00,2025-09-25 10:04:11+00:00,2025-09-25 10:04:10+00:00,giselle-garnett,"['enhancement', 'governance']",True,0,397.40833333333336,False
322,feat: python batch sdk,closed,2025-09-08 11:57:32+00:00,2025-10-03 10:10:50+00:00,2025-10-03 10:10:49+00:00,2025-10-03 10:10:49+00:00,sl-fredericdalessandro,"['dependencies', 'SDK']",True,5,598.2213888888889,False
321,feat: remove-PartitionKey-visibility (#321),closed,2025-09-05 13:04:23+00:00,2025-09-08 20:48:34+00:00,2025-09-08 20:48:29+00:00,,giselle-garnett,[],False,0,,False
320,chore(deps): bump deepdiff from 8.6.0 to 8.6.1,closed,2025-09-04 15:40:14+00:00,2025-09-15 15:32:13+00:00,2025-09-15 15:32:12+00:00,2025-09-15 15:32:12+00:00,dependabot[bot],"['enhancement', 'dependencies', 'python']",True,0,263.86611111111114,False
319,feat: add new SF Data contracts P2/P3,closed,2025-09-04 12:48:07+00:00,2025-09-11 13:28:25+00:00,2025-09-11 13:28:24+00:00,2025-09-11 13:28:24+00:00,sl-nicolasmoteley,['data-contract'],True,9,168.67138888888888,True
318,feat: add csos doc page,closed,2025-09-04 08:21:19+00:00,2025-09-04 12:25:38+00:00,2025-09-04 12:25:36+00:00,2025-09-04 12:25:36+00:00,aviv-kimkocet,[],True,2,4.0713888888888885,False
317,Remove pause for messaging contracts,closed,2025-09-03 15:29:49+00:00,2025-09-04 07:32:29+00:00,2025-09-04 07:32:28+00:00,2025-09-04 07:32:28+00:00,sl-davidbernuau,[],True,0,16.044166666666666,False
316,feat/partition-key-remove-visibility,closed,2025-09-02 11:53:03+00:00,2025-09-02 12:07:01+00:00,2025-09-02 12:06:29+00:00,,giselle-garnett,['enhancement'],False,0,,False
315,chore: add more contextual information with link in report message,closed,2025-08-29 15:10:27+00:00,2025-08-29 15:36:05+00:00,2025-08-29 15:36:03+00:00,2025-08-29 15:36:03+00:00,aviv-julienjehannet,['documentation'],True,0,0.4266666666666667,False
314,feat(annotation): phase support,closed,2025-08-29 11:34:28+00:00,2025-09-15 15:06:44+00:00,2025-09-15 15:06:41+00:00,2025-09-15 15:06:41+00:00,aviv-julienjehannet,['enhancement'],True,0,411.53694444444443,False
313,feat: added new place conp_contacted,closed,2025-08-29 09:05:51+00:00,2025-09-02 14:34:20+00:00,2025-09-01 09:30:07+00:00,2025-09-01 09:30:07+00:00,aviv-ejonakodra,"['data-contract', 'data-model']",True,0,72.40444444444445,True
312,feat: add new rule to clsa contracts for invalid event time,closed,2025-08-28 15:48:47+00:00,2025-08-29 14:08:45+00:00,2025-08-29 14:08:43+00:00,2025-08-29 14:08:43+00:00,sl-lydiachibane,"['data-contract', 'data-model']",True,3,22.33222222222222,True
311,feat: add new checker for HINT003,closed,2025-08-28 11:58:23+00:00,2025-08-28 12:34:51+00:00,2025-08-28 12:34:50+00:00,2025-08-28 12:34:50+00:00,aviv-julienjehannet,['enhancement'],True,0,0.6075,False
310,fix: change request portal to visibility portals in last state,closed,2025-08-28 10:01:56+00:00,2025-08-28 16:28:15+00:00,2025-08-28 16:28:13+00:00,2025-08-28 16:28:13+00:00,Laitbelhoussein,"['data-contract', 'integration over compliance']",True,6,6.438055555555556,True
309,feat: capability folder migration for CLSA,closed,2025-08-28 09:43:13+00:00,2025-08-29 08:04:31+00:00,2025-08-29 08:04:29+00:00,2025-08-29 08:04:29+00:00,aviv-julienjehannet,"['governance', 'migration']",True,0,22.354444444444443,False
308,fix(HODC): change event_time to timestamp,closed,2025-08-28 07:10:52+00:00,2025-08-28 07:50:51+00:00,2025-08-28 07:50:50+00:00,2025-08-28 07:50:50+00:00,youcef15,"['data-contract', 'integration over compliance']",True,0,0.6661111111111111,True
307,fix: update default value for partitions to an empty array,closed,2025-08-27 12:50:17+00:00,2025-08-27 13:50:15+00:00,2025-08-27 13:50:15+00:00,2025-08-27 13:50:14+00:00,aviv-hamzaeljaoui,[],True,0,0.9991666666666666,False
306,feat: start migration for new ingestion policy,closed,2025-08-27 12:19:01+00:00,2025-09-16 14:00:13+00:00,2025-09-16 14:00:11+00:00,2025-09-16 14:00:11+00:00,aviv-julienjehannet,"['governance', 'migration']",True,0,481.68611111111113,False
305,"feat(product_status_de_v1.py, product_status_fr_v1.py): Contract for call tracking statuses for DE and FR",closed,2025-08-27 12:03:05+00:00,2025-08-29 06:53:18+00:00,2025-08-29 06:53:16+00:00,2025-08-29 06:53:16+00:00,aviv-dawidkrol,['data-contract'],True,4,42.83638888888889,True
304,Feat/mcm 1871,closed,2025-08-27 09:25:22+00:00,2025-08-27 12:31:47+00:00,2025-08-27 12:31:45+00:00,2025-08-27 12:31:45+00:00,gsl-raniaelbouhssini,[],True,0,3.106388888888889,False
303,feat: be more robust between s3 and glue registry,closed,2025-08-27 08:00:00+00:00,2025-08-27 08:19:01+00:00,2025-08-27 08:18:59+00:00,2025-08-27 08:18:59+00:00,aviv-julienjehannet,['bug'],True,0,0.3163888888888889,False
302,feat: create CLSO data contract,closed,2025-08-26 15:41:51+00:00,2025-09-02 08:56:33+00:00,2025-09-02 08:56:31+00:00,2025-09-02 08:56:31+00:00,aviv-kimkocet,['data-contract'],True,16,161.24444444444444,True
301,feat: capability folder migration for BBCR (Salesforce),closed,2025-08-26 15:00:26+00:00,2025-08-27 08:48:44+00:00,2025-08-27 08:48:42+00:00,2025-08-27 08:48:42+00:00,aviv-julienjehannet,['governance'],True,0,17.804444444444446,False
300,bump(contribs): synchronize ts sdk version,closed,2025-08-26 13:19:32+00:00,2025-08-26 13:20:51+00:00,2025-08-26 13:20:49+00:00,2025-08-26 13:20:49+00:00,aviv-julienjehannet,[],True,0,0.021388888888888888,False
299,feat: capability folder migration for ICVM,closed,2025-08-26 12:28:38+00:00,2025-08-26 12:42:51+00:00,2025-08-26 12:42:49+00:00,2025-08-26 12:42:49+00:00,aviv-julienjehannet,['governance'],True,0,0.2363888888888889,False
298,ci: aviv_data_platform_ts_sdk live version based on last git tag,closed,2025-08-26 11:08:32+00:00,2025-08-26 12:19:49+00:00,2025-08-26 12:19:47+00:00,2025-08-26 12:19:47+00:00,aviv-julienjehannet,['bug'],True,0,1.1875,False
297,feat: capability folder migration for HODC (housing),closed,2025-08-26 09:56:05+00:00,2025-08-27 13:44:58+00:00,2025-08-27 13:44:56+00:00,2025-08-27 13:44:56+00:00,aviv-julienjehannet,['governance'],True,0,27.814166666666665,False
296,feat: capability folder migration for GEOR,closed,2025-08-26 09:17:18+00:00,2025-08-26 10:05:54+00:00,2025-08-26 10:05:53+00:00,2025-08-26 10:05:53+00:00,aviv-julienjehannet,['governance'],True,0,0.8097222222222222,False
295,feat: capability folder migration for EXT/adjust,closed,2025-08-26 08:25:37+00:00,2025-08-26 11:06:51+00:00,2025-08-26 11:06:48+00:00,2025-08-26 11:06:48+00:00,aviv-julienjehannet,['governance'],True,0,2.6863888888888887,False
294,Feat/mcm 1871,closed,2025-08-25 14:03:26+00:00,2025-08-26 14:42:28+00:00,2025-08-26 14:42:27+00:00,2025-08-26 14:42:27+00:00,gsl-raniaelbouhssini,['data-contract'],True,0,24.650277777777777,True
293,"fix: Update partition default value to avoid Step Function ""must be s…",closed,2025-08-25 14:03:15+00:00,2025-08-26 08:46:55+00:00,2025-08-26 08:46:55+00:00,2025-08-26 08:46:55+00:00,aviv-hamzaeljaoui,[],True,0,18.727777777777778,False
292,Update README.md,closed,2025-08-25 07:35:14+00:00,2025-08-26 08:59:08+00:00,2025-08-26 08:59:08+00:00,,aviv-hamzaeljaoui,[],False,0,,False
291,Fix/artifacts,closed,2025-08-22 12:28:11+00:00,2025-08-22 12:30:24+00:00,2025-08-22 12:30:22+00:00,2025-08-22 12:30:22+00:00,aviv-julienjehannet,[],True,0,0.03638888888888889,False
290,Fix/artifacts,closed,2025-08-22 11:22:37+00:00,2025-08-22 12:07:59+00:00,2025-08-22 12:07:57+00:00,2025-08-22 12:07:57+00:00,aviv-julienjehannet,[],True,0,0.7555555555555555,False
289,Fix/artifacts,closed,2025-08-22 09:30:22+00:00,2025-08-22 09:30:52+00:00,2025-08-22 09:30:50+00:00,2025-08-22 09:30:50+00:00,aviv-julienjehannet,[],True,0,0.0077777777777777776,False
288,Fix/artifacts,closed,2025-08-22 09:16:42+00:00,2025-08-22 09:17:45+00:00,2025-08-22 09:17:43+00:00,2025-08-22 09:17:43+00:00,aviv-julienjehannet,[],True,0,0.016944444444444446,False
287,Fix/artifacts,closed,2025-08-22 09:02:13+00:00,2025-08-22 09:03:01+00:00,2025-08-22 09:02:59+00:00,2025-08-22 09:02:59+00:00,aviv-julienjehannet,[],True,0,0.012777777777777779,False
286,[Contract] Add contracts for users and listings Top Position statistics.,closed,2025-08-22 08:45:42+00:00,2025-08-22 12:07:44+00:00,2025-08-22 12:07:43+00:00,2025-08-22 12:07:43+00:00,gsl-laetitiapouletdegrimouard,['data-contract'],True,0,3.3669444444444445,True
285,Feat/inspect,closed,2025-08-22 08:35:16+00:00,2025-08-25 12:55:55+00:00,2025-08-25 12:55:52+00:00,2025-08-25 12:55:52+00:00,aviv-julienjehannet,['enhancement'],True,0,76.34333333333333,False
284,ci: produce artifacts before sdk ts generation,closed,2025-08-22 08:28:52+00:00,2025-08-22 08:35:02+00:00,2025-08-22 08:35:00+00:00,2025-08-22 08:35:00+00:00,aviv-julienjehannet,[],True,0,0.10222222222222223,False
283,revert: keep previous naming waiting for SparkTrek approval,closed,2025-08-21 14:11:56+00:00,2025-08-21 14:17:10+00:00,2025-08-21 14:17:08+00:00,2025-08-21 14:17:08+00:00,aviv-julienjehannet,[],True,0,0.08666666666666667,False
282,Contract/analytics/tslm 337,closed,2025-08-21 12:05:28+00:00,2025-08-26 08:17:00+00:00,2025-08-26 08:16:58+00:00,2025-08-26 08:16:58+00:00,aviv-nsamardzic,['data-contract'],True,0,116.19166666666666,True
281,chore: bump SDK versions to 0.0.73 and update publish pipeline,closed,2025-08-20 15:45:22+00:00,2025-08-20 15:47:37+00:00,2025-08-20 15:47:36+00:00,2025-08-20 15:47:36+00:00,sl-fredericdalessandro,[],True,0,0.03722222222222222,False
280,docs: update aviv well-known identifiers,closed,2025-08-20 14:32:14+00:00,2025-08-20 15:58:20+00:00,2025-08-20 15:58:18+00:00,2025-08-20 15:58:18+00:00,aviv-julienjehannet,['documentation'],True,0,1.4344444444444444,False
279,feat: csharp sdk,closed,2025-08-20 14:00:24+00:00,2025-11-04 23:27:04+00:00,2025-11-04 23:27:04+00:00,,sl-fredericdalessandro,"['enhancement', 'dependencies', 'SDK']",False,8,,False
278,feat: add HOME_PAGE_PROJECT and SAVED_SEARCH_PROJECT to geor place codelist,closed,2025-08-20 11:46:53+00:00,2025-08-20 12:12:12+00:00,2025-08-20 12:12:10+00:00,2025-08-20 12:12:10+00:00,lisa-hausheer,[],True,0,0.42138888888888887,False
277,feat: ts sdk - add streaming support,closed,2025-08-20 07:55:37+00:00,2025-10-02 13:34:52+00:00,2025-10-02 13:34:51+00:00,2025-10-02 13:34:51+00:00,sl-fredericdalessandro,"['enhancement', 'dependencies', 'SDK']",True,0,1037.6538888888888,False
276,Feat/dataplt 188 scheduling assumptions,closed,2025-08-20 07:04:23+00:00,2025-10-06 12:28:55+00:00,2025-10-06 12:28:53+00:00,2025-10-06 12:28:53+00:00,aviv-fathallahelmasri,['enhancement'],True,13,1133.4083333333333,False
275,feat: define AvivEntity as RootModel,closed,2025-08-19 13:32:43+00:00,2025-08-20 09:15:10+00:00,2025-08-20 09:15:09+00:00,2025-08-20 09:15:09+00:00,aviv-julienjehannet,[],True,0,19.70722222222222,False
274,feat: add values to geor place codelist,closed,2025-08-19 10:01:23+00:00,2025-08-19 11:56:36+00:00,2025-08-19 11:56:35+00:00,2025-08-19 11:56:34+00:00,lisa-hausheer,[],True,0,1.9197222222222223,False
273,feat: ts sdk - add catchup feature,closed,2025-08-18 11:55:36+00:00,2025-08-20 15:04:12+00:00,2025-08-20 15:04:11+00:00,2025-08-20 15:04:11+00:00,sl-fredericdalessandro,"['enhancement', 'dependencies']",True,0,51.143055555555556,False
272,feat(cli): add modify assistant command,closed,2025-08-14 15:50:57+00:00,2025-08-20 08:42:23+00:00,2025-08-19 08:12:25+00:00,2025-08-19 08:12:25+00:00,aviv-julienjehannet,['enhancement'],True,0,112.35777777777778,False
271,feat(pre-commit): improve validate argument usage,closed,2025-08-14 12:07:06+00:00,2025-08-20 08:42:30+00:00,2025-08-14 12:14:00+00:00,2025-08-14 12:14:00+00:00,aviv-julienjehannet,['enhancement'],True,0,0.115,False
270,Feat/adjust,closed,2025-08-14 11:48:42+00:00,2025-09-25 13:58:08+00:00,2025-08-25 06:54:01+00:00,,aviv-nsamardzic,['data-contract'],False,0,,True
269,feat: check HINT002 automatically,closed,2025-08-14 10:15:44+00:00,2025-08-20 08:59:58+00:00,2025-08-14 10:18:45+00:00,2025-08-14 10:18:45+00:00,aviv-julienjehannet,[],True,0,0.050277777777777775,False
268,feat: enforce case file validation (closes: DATAPLT-192),closed,2025-08-13 15:10:17+00:00,2025-08-20 08:42:38+00:00,2025-08-14 08:36:41+00:00,2025-08-14 08:36:41+00:00,aviv-julienjehannet,['enhancement'],True,0,17.44,False
267,fix: update ts sdk version,closed,2025-08-13 14:21:04+00:00,2025-08-13 15:15:25+00:00,2025-08-13 15:15:23+00:00,2025-08-13 15:15:23+00:00,sl-fredericdalessandro,[],True,0,0.9052777777777777,False
266,Feat/MCM-2090: PA Intermediary - Top Position Customers and Credits Back-end data ,closed,2025-08-13 14:04:38+00:00,2025-08-22 14:31:37+00:00,2025-08-22 14:31:37+00:00,,sl-nicolasmoteley,['data-contract'],False,0,,True
265,Feat/dataplt 199,closed,2025-08-12 11:58:23+00:00,2025-08-13 08:20:10+00:00,2025-08-13 08:20:08+00:00,2025-08-13 08:20:08+00:00,aviv-julienjehannet,['enhancement'],True,0,20.3625,False
264,fix(avis): add missing property for avis contract,closed,2025-08-11 15:35:22+00:00,2025-08-12 08:04:52+00:00,2025-08-12 08:04:50+00:00,2025-08-12 08:04:50+00:00,nherbin-ma,['data-contract'],True,0,16.49111111111111,True
263,fix(avis): add missing property for avis contract,closed,2025-08-11 14:49:56+00:00,2025-08-11 15:35:08+00:00,2025-08-11 15:35:08+00:00,,nherbin-ma,[],False,0,,False
262,feat: set a mkdocs static website,closed,2025-08-08 15:37:10+00:00,2025-08-08 16:22:14+00:00,2025-08-08 16:22:12+00:00,2025-08-08 16:22:12+00:00,aviv-julienjehannet,['enhancement'],True,0,0.7505555555555555,False
261,feat: propose call_tracking data contract enhancements,closed,2025-08-08 11:48:17+00:00,2025-08-19 07:43:19+00:00,2025-08-19 07:43:17+00:00,2025-08-19 07:43:17+00:00,aviv-julienjehannet,['data-contract'],True,2,259.9166666666667,True
260,feat: permit schema compatibility mode to be overriden,closed,2025-08-07 15:15:18+00:00,2025-08-08 15:41:01+00:00,2025-08-08 09:49:04+00:00,2025-08-08 09:49:04+00:00,aviv-julienjehannet,['enhancement'],True,0,18.56277777777778,False
259,Feat/call tracking clsa,closed,2025-08-07 12:36:24+00:00,2025-08-08 10:34:10+00:00,2025-08-08 08:29:37+00:00,2025-08-08 08:29:37+00:00,aviv-tbalen,['data-contract'],True,7,19.886944444444445,True
258,Debug: Add console log for generated EventBus ARN in EventBridgeNotifier,closed,2025-08-07 12:11:44+00:00,2025-08-07 14:04:21+00:00,2025-08-07 14:04:21+00:00,,aviv-hamzaeljaoui,[],False,0,,False
257,Fix: Changing schema to optional since there are empty column in this…,closed,2025-08-06 15:08:44+00:00,2025-08-07 10:23:34+00:00,2025-08-07 10:23:33+00:00,2025-08-07 10:23:33+00:00,florianhyseni-aviv,"['data-contract', 'integration over compliance']",True,8,19.246944444444445,True
256,Fix: Changing schema to optional since there are empty column in this…,closed,2025-08-06 14:09:23+00:00,2025-08-06 15:08:32+00:00,2025-08-06 15:08:32+00:00,,florianhyseni-aviv,[],False,0,,False
255,fix: update pull request templates (closes: #DATAPLT-196),closed,2025-08-06 12:51:25+00:00,2025-08-08 15:41:34+00:00,2025-08-07 14:43:13+00:00,2025-08-07 14:43:13+00:00,aviv-julienjehannet,['enhancement'],True,0,25.863333333333333,False
254,fix: Removed minor version annotations (closes: #DATAPLT-191),closed,2025-08-05 15:24:58+00:00,2025-08-20 08:44:08+00:00,2025-08-06 11:36:24+00:00,2025-08-06 11:36:24+00:00,giselle-garnett,['enhancement'],True,0,20.190555555555555,False
253,Update stale.yml,closed,2025-08-05 14:02:51+00:00,2025-08-20 08:44:25+00:00,2025-08-05 15:02:06+00:00,2025-08-05 15:02:06+00:00,PascaleBrun,['enhancement'],True,0,0.9875,False
252,Update stale.yml,closed,2025-08-05 13:59:33+00:00,2025-08-06 12:23:09+00:00,2025-08-06 12:22:58+00:00,,giselle-garnett,[],False,0,,False
251,refactor: use a fabric pattern design to migrate Ingestion policy,closed,2025-08-04 16:44:42+00:00,2025-08-05 11:28:13+00:00,2025-08-05 11:28:11+00:00,2025-08-05 11:28:11+00:00,aviv-julienjehannet,['enhancement'],True,0,18.724722222222223,False
250,feat: enable more pre-commit checks,closed,2025-08-04 13:58:04+00:00,2025-08-04 14:41:05+00:00,2025-08-04 14:41:03+00:00,2025-08-04 14:41:03+00:00,aviv-julienjehannet,[],True,0,0.7163888888888889,False
249,fix: forget OVERWRITE_PARTITION write mode (will be supported systema…,closed,2025-08-04 11:20:16+00:00,2025-08-04 12:14:52+00:00,2025-08-04 12:14:51+00:00,2025-08-04 12:14:51+00:00,aviv-julienjehannet,[],True,0,0.9097222222222222,False
248,chore(clsa): ACVNLP-2213 Add active_favorites field in CLASSIFIED_ACTION contract,closed,2025-08-01 15:50:07+00:00,2025-08-05 10:56:02+00:00,2025-08-05 09:40:00+00:00,2025-08-05 09:40:00+00:00,sl-victorceron,['data-contract'],True,4,89.8313888888889,True
247,feat(call tracking): add contract for CLSA,closed,2025-07-31 10:42:14+00:00,2025-08-05 14:31:35+00:00,2025-08-05 14:31:34+00:00,2025-08-05 14:31:34+00:00,aviv-imijatovic,['data-contract'],True,11,123.82222222222222,True
246,feat: update classified_lead_v2 contract to consider call tracking data,closed,2025-07-31 09:34:46+00:00,2025-08-05 12:11:36+00:00,2025-08-05 12:11:34+00:00,2025-08-05 12:11:34+00:00,sl-lydiachibane,['data-contract'],True,12,122.61333333333333,True
245,feat: Add LVN contract and German contracts for CT,closed,2025-07-30 09:40:30+00:00,2025-08-05 07:54:27+00:00,2025-08-05 07:54:25+00:00,2025-08-05 07:54:25+00:00,aviv-piotrberestka,['data-contract'],True,26,142.23194444444445,True
244,feat(contracts): add agency visibility contract draft,closed,2025-07-30 07:22:59+00:00,2025-07-31 14:41:06+00:00,2025-07-31 14:41:04+00:00,2025-07-31 14:41:04+00:00,nherbin-ma,['data-contract'],True,13,31.301388888888887,True
243,doc : Update README for ts SDK,closed,2025-07-28 14:57:10+00:00,2025-08-07 16:01:07+00:00,2025-08-07 16:01:07+00:00,,aviv-hamzaeljaoui,['enhancement'],False,0,,False
242,fix: reuse main package config to set the sdk version,closed,2025-07-25 13:09:53+00:00,2025-07-25 13:13:43+00:00,2025-07-25 13:13:41+00:00,2025-07-25 13:13:41+00:00,aviv-julienjehannet,[],True,0,0.06333333333333334,False
241,bump: ts sdk,closed,2025-07-25 12:45:30+00:00,2025-07-25 12:50:45+00:00,2025-07-25 12:50:43+00:00,2025-07-25 12:50:43+00:00,aviv-julienjehannet,[],True,0,0.08694444444444445,False
240,Fix/publish,closed,2025-07-25 12:22:28+00:00,2025-07-25 12:23:15+00:00,2025-07-25 12:23:14+00:00,2025-07-25 12:23:14+00:00,aviv-julienjehannet,[],True,0,0.012777777777777779,False
239,ci: publish sdk again,closed,2025-07-25 11:56:56+00:00,2025-07-25 12:12:03+00:00,2025-07-25 12:12:01+00:00,2025-07-25 12:12:01+00:00,aviv-julienjehannet,[],True,0,0.2513888888888889,False
238,feat(policy): ingestion mode annotation in data contracts (closes: #DATAPLT-175),closed,2025-07-25 09:47:21+00:00,2025-07-25 10:34:40+00:00,2025-07-25 10:34:39+00:00,2025-07-25 10:34:39+00:00,aviv-julienjehannet,[],True,0,0.7883333333333333,False
237,"feat(ssot-classified): align contracts schema for raw , raw_prased and last_state",closed,2025-07-24 17:00:41+00:00,2025-08-05 11:14:55+00:00,2025-08-05 11:14:54+00:00,2025-08-05 11:14:54+00:00,florianhyseni-aviv,['data-contract'],True,114,282.2369444444444,True
236,feat: add NCP P3 Data contracts,closed,2025-07-24 09:01:39+00:00,2025-08-26 13:47:38+00:00,2025-08-26 13:47:36+00:00,2025-08-26 13:47:36+00:00,sl-nicolasmoteley,['data-contract'],True,92,796.7658333333334,True
235,docs: merge news fragment for last milestone,closed,2025-07-23 14:56:07+00:00,2025-07-25 15:41:08+00:00,2025-07-25 15:41:07+00:00,2025-07-25 15:41:07+00:00,aviv-julienjehannet,['documentation'],True,0,48.75,False
234,feat(contracts): add RawLastState contract using strict types and nam…,closed,2025-07-23 14:46:31+00:00,2025-07-29 14:28:37+00:00,2025-07-29 14:28:37+00:00,,florianhyseni-aviv,['data-contract'],False,2,,True
233,fix: simplify traceback report in validation,closed,2025-07-23 14:21:32+00:00,2025-07-23 14:22:39+00:00,2025-07-23 14:22:38+00:00,2025-07-23 14:22:37+00:00,aviv-julienjehannet,[],True,0,0.018055555555555554,False
232,Feat/adjust,closed,2025-07-23 08:10:59+00:00,2025-08-08 09:00:45+00:00,2025-08-08 09:00:43+00:00,2025-08-08 09:00:43+00:00,aviv-nsamardzic,"['data-contract', 'waiting for workshop']",True,4,384.8288888888889,True
231,docs: fix typo [skip-ci],closed,2025-07-23 07:10:10+00:00,2025-07-23 10:05:29+00:00,2025-07-23 10:05:27+00:00,2025-07-23 10:05:27+00:00,aviv-julienjehannet,[],True,0,2.921388888888889,False
230,ci(pre-commit): disable no-commit-to-branch for publishing,closed,2025-07-22 15:00:23+00:00,2025-07-22 15:04:25+00:00,2025-07-22 15:04:23+00:00,2025-07-22 15:04:23+00:00,aviv-julienjehannet,[],True,0,0.06666666666666667,False
229,bump: package version,closed,2025-07-22 14:12:28+00:00,2025-07-22 14:15:05+00:00,2025-07-22 14:15:03+00:00,2025-07-22 14:15:03+00:00,aviv-julienjehannet,[],True,0,0.043055555555555555,False
228,ci: use pipeline parameter to build sdks (publish step),closed,2025-07-22 13:50:14+00:00,2025-07-22 13:52:48+00:00,2025-07-22 13:52:46+00:00,2025-07-22 13:52:46+00:00,aviv-julienjehannet,[],True,0,0.042222222222222223,False
227,fix(contract): revert to previous valid contract definition,closed,2025-07-22 13:02:40+00:00,2025-07-23 09:41:14+00:00,2025-07-23 09:41:12+00:00,2025-07-23 09:41:12+00:00,florianhyseni-aviv,['data-contract'],True,0,20.642222222222223,True
226,fix: disable commitizen-branch because data contract are often edited…,closed,2025-07-22 12:26:11+00:00,2025-07-22 12:29:44+00:00,2025-07-22 12:29:41+00:00,2025-07-22 12:29:41+00:00,aviv-julienjehannet,[],True,0,0.058333333333333334,False
225,ci: use pipeline parameter to build sdks,closed,2025-07-22 12:14:07+00:00,2025-07-22 12:26:35+00:00,2025-07-22 12:26:34+00:00,2025-07-22 12:26:34+00:00,aviv-julienjehannet,[],True,0,0.2075,False
224,fix: force utf8 encoding for windows,closed,2025-07-22 11:48:14+00:00,2025-07-22 11:51:00+00:00,2025-07-22 11:50:58+00:00,2025-07-22 11:50:58+00:00,aviv-julienjehannet,[],True,0,0.04555555555555556,False
223,New data contract(s): EXT/signifi/DATAPLT-000,closed,2025-07-22 08:05:01+00:00,2025-10-14 11:58:20+00:00,2025-07-22 16:14:08+00:00,,aviv-julienjehannet,['invalid'],False,0,,False
222,fix(contract): restore contract after accidental copy-paste change,closed,2025-07-22 07:54:08+00:00,2025-07-23 06:30:17+00:00,2025-07-23 06:30:17+00:00,,florianhyseni-aviv,['data-contract'],False,2,,True
221,fix: trim typo,closed,2025-07-21 17:06:30+00:00,2025-07-21 17:07:13+00:00,2025-07-21 17:07:11+00:00,2025-07-21 17:07:11+00:00,aviv-julienjehannet,[],True,0,0.01138888888888889,False
220,fix: ternary condition,closed,2025-07-21 17:02:37+00:00,2025-07-21 17:03:17+00:00,2025-07-21 17:03:15+00:00,2025-07-21 17:03:15+00:00,aviv-julienjehannet,[],True,0,0.010555555555555556,False
219,'New data contract(s): ACTS/DATAPLT-000',closed,2025-07-21 15:58:50+00:00,2025-10-14 11:58:25+00:00,2025-07-21 16:15:22+00:00,,aviv-julienjehannet,['data-contract'],False,0,,True
218,feat: add primary/partition keys contraints and make explicit the ingestion mode,closed,2025-07-18 07:07:13+00:00,2025-07-22 15:53:57+00:00,2025-07-22 15:53:56+00:00,2025-07-22 15:53:56+00:00,aviv-julienjehannet,['governance'],True,1,104.7786111111111,False
217,fix: follow DF001 rule by using base data type only,closed,2025-07-17 12:35:04+00:00,2025-07-17 13:40:34+00:00,2025-07-17 13:40:32+00:00,2025-07-17 13:40:32+00:00,aviv-julienjehannet,['governance'],True,0,1.0911111111111111,False
216,Update conversation and users schema,closed,2025-07-16 15:26:21+00:00,2025-08-26 15:25:50+00:00,2025-08-26 15:25:49+00:00,2025-08-26 15:25:48+00:00,sl-davidbernuau,['data-contract'],True,21,983.9908333333333,True
215,Feat/dsgpac 333/update schema classified #214,closed,2025-07-16 13:54:09+00:00,2025-07-21 13:16:14+00:00,2025-07-21 13:16:13+00:00,2025-07-21 13:16:13+00:00,florianhyseni-aviv,['data-contract'],True,1,119.36777777777777,True
214,Feat/dsgpac 333/update schema classified,closed,2025-07-16 10:10:30+00:00,2025-07-16 14:23:30+00:00,2025-07-16 14:23:30+00:00,,florianhyseni-aviv,[],False,0,,False
213,chore(deps-dev): bump black from 22.12.0 to 24.3.0 in /contribs/aviv_data_platform_python_sdk,closed,2025-07-16 07:48:23+00:00,2025-07-23 11:38:49+00:00,2025-07-23 11:38:47+00:00,,dependabot[bot],"['dependencies', 'python']",False,0,,False
212,feat: use new capability folders based on capability codes,closed,2025-07-15 16:55:10+00:00,2025-10-14 11:58:28+00:00,2025-08-05 13:47:18+00:00,,aviv-julienjehannet,['enhancement'],False,0,,False
211,docs: add Business rules implemented in Classified Management API,closed,2025-07-15 15:33:53+00:00,2025-07-15 15:38:59+00:00,2025-07-15 15:38:56+00:00,2025-07-15 15:38:56+00:00,aviv-julienjehannet,[],True,0,0.08416666666666667,False
210,feat(syntax): Deprecate/remove title annotation. Not adding value at the moment (closes: #DATAPLT-187),closed,2025-07-15 08:29:56+00:00,2025-07-15 10:55:58+00:00,2025-07-15 10:55:56+00:00,2025-07-15 10:55:56+00:00,aviv-julienjehannet,[],True,0,2.433333333333333,False
209,Feat: fraud-1992 - add moderation log contract  ,closed,2025-07-11 09:26:39+00:00,2025-07-11 12:18:28+00:00,2025-07-11 12:18:27+00:00,2025-07-11 12:18:26+00:00,gsl-mohamedsoueid,['data-contract'],True,0,2.8630555555555555,True
208,feat: add python SDK,closed,2025-07-10 16:44:05+00:00,2025-07-16 07:46:52+00:00,2025-07-16 07:46:50+00:00,2025-07-16 07:46:50+00:00,DimitriKouliche,"['enhancement', 'python']",True,0,135.04583333333332,False
207,fix(pre-commit): no ensure ascii in pretty-json hook,closed,2025-07-10 14:05:27+00:00,2025-07-10 14:10:34+00:00,2025-07-10 14:10:31+00:00,2025-07-10 14:10:31+00:00,aviv-julienjehannet,[],True,0,0.08444444444444445,False
206,feat(syntax): get rid of PositiveInteger instead of Integer and expli…,closed,2025-07-10 11:47:41+00:00,2025-07-10 11:57:16+00:00,2025-07-10 11:57:14+00:00,2025-07-10 11:57:14+00:00,aviv-julienjehannet,[],True,0,0.15916666666666668,False
205,feat: add new SF Data contracts + Add PII levels,closed,2025-07-09 13:42:19+00:00,2025-07-11 14:31:12+00:00,2025-07-11 14:31:09+00:00,2025-07-11 14:31:09+00:00,sl-nicolasmoteley,['data-contract'],True,11,48.81388888888889,True
204,chore: drop unused data_product annotation,closed,2025-07-08 12:40:43+00:00,2025-07-08 12:52:14+00:00,2025-07-08 12:52:12+00:00,2025-07-08 12:52:12+00:00,aviv-julienjehannet,[],True,0,0.1913888888888889,False
203,fix: bump sdk and contracts to version 0.0.59,closed,2025-07-08 10:05:22+00:00,2025-07-08 10:08:02+00:00,2025-07-08 10:08:01+00:00,2025-07-08 10:08:01+00:00,sl-fredericdalessandro,[],True,0,0.04416666666666667,False
202,fix: Update ts sdk index,closed,2025-07-08 08:24:46+00:00,2025-07-08 08:28:30+00:00,2025-07-08 08:28:28+00:00,2025-07-08 08:28:28+00:00,sl-fredericdalessandro,[],True,0,0.06166666666666667,False
201,Feat/contract set,closed,2025-07-07 16:23:12+00:00,2025-07-21 16:19:20+00:00,2025-07-21 16:19:18+00:00,2025-07-21 16:19:18+00:00,aviv-julienjehannet,['enhancement'],True,0,335.935,False
200,ci(github): use stale github action,closed,2025-07-07 13:13:33+00:00,2025-07-16 13:16:32+00:00,2025-07-08 13:15:17+00:00,2025-07-08 13:15:17+00:00,aviv-julienjehannet,[],True,0,24.02888888888889,False
199,feat(pre-commit): propose manual check for DF001,closed,2025-07-07 10:02:11+00:00,2025-07-16 13:20:35+00:00,2025-07-07 10:57:06+00:00,2025-07-07 10:57:06+00:00,aviv-julienjehannet,[],True,0,0.9152777777777777,False
198,Fix/df001,closed,2025-07-07 09:48:41+00:00,2025-10-14 11:58:29+00:00,2025-07-07 09:52:24+00:00,,aviv-julienjehannet,[],False,0,,False
197,fix: Buggy desynchronization with S3... To inspect,closed,2025-07-04 15:34:36+00:00,2025-07-04 15:35:17+00:00,2025-07-04 15:35:16+00:00,2025-07-04 15:35:15+00:00,aviv-julienjehannet,[],True,0,0.010833333333333334,False
196,feat: enable CODEOWNERS automatic generation,closed,2025-07-04 14:31:37+00:00,2025-07-16 14:42:51+00:00,2025-07-04 15:21:35+00:00,2025-07-04 15:21:35+00:00,aviv-julienjehannet,[],True,0,0.8327777777777777,False
195,fix: delete .idea directory,closed,2025-07-03 09:18:23+00:00,2025-07-03 09:22:53+00:00,2025-07-03 09:22:52+00:00,2025-07-03 09:22:52+00:00,sl-fredericdalessandro,[],True,0,0.07472222222222222,False
194,fix: make sure git-hooks are correctly enabled [skip ci],closed,2025-07-02 19:04:54+00:00,2025-07-04 16:26:50+00:00,2025-07-04 16:26:48+00:00,2025-07-04 16:26:48+00:00,aviv-julienjehannet,"['enhancement', 'good first issue']",True,0,45.365,False
193,fix: s3 synchronization must take into account metadata changes,closed,2025-07-02 17:33:39+00:00,2025-07-02 18:44:53+00:00,2025-07-02 18:44:51+00:00,2025-07-02 18:44:51+00:00,aviv-julienjehannet,['bug'],True,0,1.1866666666666668,False
192,fix: keep TestAnnotations.payload immutable in tests,closed,2025-07-02 15:42:48+00:00,2025-07-02 15:47:05+00:00,2025-07-02 15:47:04+00:00,2025-07-02 15:47:04+00:00,aviv-julienjehannet,[],True,0,0.07111111111111111,False
191,feat: Payment Contracts - updated V1,closed,2025-07-02 12:42:37+00:00,2025-08-14 11:48:26+00:00,2025-08-14 11:48:24+00:00,2025-08-14 11:48:24+00:00,aviv-augustinjuricic,"['data-contract', '⏸︎PAUSED']",True,18,1031.096388888889,True
190,feat:PII Feature,closed,2025-07-02 10:11:32+00:00,2025-07-08 12:37:29+00:00,2025-07-08 12:37:27+00:00,2025-07-08 12:37:27+00:00,aviv-fathallahelmasri,['enhancement'],True,2,146.43194444444444,False
189,ci: enhance artifact publishing scripts with version checks and cleanup,closed,2025-07-01 16:57:26+00:00,2025-07-02 08:56:32+00:00,2025-07-02 08:56:30+00:00,2025-07-02 08:56:30+00:00,sl-fredericdalessandro,[],True,0,15.984444444444444,False
188,improve contract validation report per contract,closed,2025-07-01 13:52:44+00:00,2025-07-01 16:23:24+00:00,2025-07-01 16:23:22+00:00,2025-07-01 16:23:22+00:00,aviv-julienjehannet,['enhancement'],True,8,2.5105555555555554,False
187,feat: new ts sdk version,closed,2025-07-01 13:37:26+00:00,2025-07-01 15:20:07+00:00,2025-07-01 15:20:06+00:00,2025-07-01 15:20:06+00:00,sl-fredericdalessandro,[],True,0,1.711111111111111,False
186,feat/DATAPLT-182: Migrate the Team referential into Yaml file,closed,2025-07-01 08:32:45+00:00,2025-07-03 15:16:11+00:00,2025-07-03 15:16:09+00:00,2025-07-03 15:16:09+00:00,sl-nicolasmoteley,[],True,1,54.723333333333336,False
185,feat: add primary keys on conversationmember table,closed,2025-06-30 14:33:40+00:00,2025-07-02 06:56:48+00:00,2025-07-02 06:56:46+00:00,2025-07-02 06:56:46+00:00,li-oliviergerffroy,['data-contract'],True,0,40.385,True
184,feat: update SDK package metadata and simplify publish script,closed,2025-06-30 14:11:38+00:00,2025-06-30 14:27:43+00:00,2025-06-30 14:27:42+00:00,2025-06-30 14:27:42+00:00,sl-fredericdalessandro,[],True,0,0.2677777777777778,False
183,Fix/doc,closed,2025-06-30 13:50:40+00:00,2025-06-30 16:34:46+00:00,2025-06-30 16:34:45+00:00,2025-06-30 16:34:45+00:00,aviv-julienjehannet,[],True,0,2.734722222222222,False
182,Feat/adjust,closed,2025-06-30 12:40:58+00:00,2025-07-03 10:13:10+00:00,2025-07-03 10:13:04+00:00,2025-07-03 10:13:04+00:00,aviv-nsamardzic,['data-contract'],True,6,69.535,True
181,feat: create paused handler for uncompliant contracts,closed,2025-06-28 14:05:14+00:00,2025-06-30 14:02:45+00:00,2025-06-30 14:02:43+00:00,2025-06-30 14:02:43+00:00,aviv-julienjehannet,['enhancement'],True,1,47.95805555555555,False
180,ci: improve versioning and publishing processes,closed,2025-06-27 15:21:41+00:00,2025-06-27 15:29:09+00:00,2025-06-27 15:29:07+00:00,2025-06-27 15:29:07+00:00,sl-fredericdalessandro,[],True,0,0.1238888888888889,False
179,fix: update CircleCI config and adjust SDK versioning,closed,2025-06-27 14:52:36+00:00,2025-06-27 14:58:07+00:00,2025-06-27 14:58:05+00:00,2025-06-27 14:58:05+00:00,sl-fredericdalessandro,[],True,0,0.0913888888888889,False
178,feat: add network_names field for Boost Self Service data contract,closed,2025-06-27 14:46:51+00:00,2025-06-30 08:44:57+00:00,2025-06-30 08:44:56+00:00,2025-06-30 08:44:56+00:00,sl-nicolasmoteley,['data-contract'],True,0,65.96805555555555,True
177,fix: update cache key in CircleCI config,closed,2025-06-27 14:26:33+00:00,2025-06-27 14:37:32+00:00,2025-06-27 14:37:31+00:00,2025-06-27 14:37:30+00:00,sl-fredericdalessandro,[],True,0,0.1825,False
176,fix: update cache key in CircleCI config,closed,2025-06-27 13:43:03+00:00,2025-06-27 14:13:46+00:00,2025-06-27 14:13:46+00:00,2025-06-27 14:13:46+00:00,sl-fredericdalessandro,[],True,0,0.5119444444444444,False
175,feat: add ISO 3166-1 alpha-2 format support in common codesets,closed,2025-06-27 12:32:32+00:00,2025-06-30 13:44:36+00:00,2025-06-30 13:44:34+00:00,2025-06-30 13:44:34+00:00,aviv-julienjehannet,['enhancement'],True,2,73.20055555555555,False
174,Tslm 299 collect necessary data from adjust mmp in aws for ltv monitoring,closed,2025-06-27 12:16:25+00:00,2025-06-30 12:40:33+00:00,2025-06-30 12:40:32+00:00,,aviv-nsamardzic,[],False,0,,False
173,fix: use generic UUID version to support v4 + v7,closed,2025-06-27 11:57:30+00:00,2025-06-27 12:01:42+00:00,2025-06-27 12:01:40+00:00,2025-06-27 12:01:40+00:00,aviv-julienjehannet,[],True,0,0.06944444444444445,False
172,fix: reset all branch schemata by default,closed,2025-06-27 09:48:49+00:00,2025-06-27 10:13:28+00:00,2025-06-27 10:13:26+00:00,2025-06-27 10:13:26+00:00,aviv-julienjehannet,[],True,0,0.4102777777777778,False
171,Feat/properbird at de,closed,2025-06-27 09:44:50+00:00,2025-08-14 09:53:00+00:00,2025-08-14 09:52:58+00:00,2025-08-14 09:52:58+00:00,aviv-imijatovic,"['data-contract', 'waiting for workshop', '⏸︎PAUSED']",True,28,1152.1355555555556,True
170,Fix/quite,closed,2025-06-26 16:08:31+00:00,2025-06-26 16:11:08+00:00,2025-06-26 16:11:07+00:00,2025-06-26 16:11:07+00:00,aviv-julienjehannet,[],True,0,0.043333333333333335,False
169,fix: PULL_REQUEST_NUMBER can be None,closed,2025-06-26 15:56:35+00:00,2025-06-26 15:56:47+00:00,2025-06-26 15:56:46+00:00,2025-06-26 15:56:46+00:00,aviv-julienjehannet,[],True,0,0.0030555555555555557,False
168,fix: use draft mode to reset registry,closed,2025-06-26 11:42:32+00:00,2025-06-26 15:31:27+00:00,2025-06-26 15:31:25+00:00,2025-06-26 15:31:25+00:00,aviv-julienjehannet,[],True,0,3.814722222222222,False
167,Create README.md,closed,2025-06-26 08:46:05+00:00,2025-06-26 15:49:48+00:00,2025-06-26 15:49:46+00:00,2025-06-26 15:49:46+00:00,aviv-julienjehannet,[],True,0,7.061388888888889,False
166,feat: TypeScript SDK,closed,2025-06-26 08:00:39+00:00,2025-06-27 13:35:14+00:00,2025-06-27 13:35:13+00:00,2025-06-27 13:35:13+00:00,sl-fredericdalessandro,['enhancement'],True,0,29.57611111111111,False
165,"Revert ""Feat/properbird contracts""",closed,2025-06-25 11:32:14+00:00,2025-06-25 13:25:17+00:00,2025-06-25 13:25:17+00:00,,aviv-imijatovic,[],False,0,,False
164,fix: check python optimize option,closed,2025-06-25 07:36:27+00:00,2025-06-27 13:05:01+00:00,2025-06-25 13:02:07+00:00,2025-06-25 13:02:07+00:00,aviv-julienjehannet,[],True,0,5.427777777777778,False
163,chore(clsa): ACVNLP-2049 Set place & channel as mandatory.,closed,2025-06-24 15:14:13+00:00,2025-06-27 09:08:08+00:00,2025-06-27 09:08:07+00:00,2025-06-27 09:08:07+00:00,sl-victorceron,['data-contract'],True,0,65.89833333333333,True
162,feat: add contracts for Autocomplete Feedback,closed,2025-06-24 09:48:00+00:00,2025-07-08 08:54:37+00:00,2025-07-08 08:54:35+00:00,2025-07-08 08:54:35+00:00,DimitriKouliche,['data-contract'],True,51,335.1097222222222,True
161,fix: avro description propagation,closed,2025-06-23 15:50:58+00:00,2025-06-24 14:49:57+00:00,2025-06-24 14:49:56+00:00,2025-06-24 14:49:56+00:00,aviv-julienjehannet,['bug'],True,0,22.982777777777777,False
160,feat: update readme,closed,2025-06-19 15:31:23+00:00,2025-06-20 08:34:02+00:00,2025-06-20 08:34:00+00:00,2025-06-20 08:34:00+00:00,aviv-kimkocet,['documentation'],True,0,17.04361111111111,False
159,feat(rules): implement POL001 + POL002,closed,2025-06-19 11:25:42+00:00,2025-06-20 14:36:17+00:00,2025-06-20 14:36:15+00:00,2025-06-20 14:36:15+00:00,aviv-julienjehannet,['enhancement'],True,0,27.175833333333333,False
158,build(deps): bump urllib3 from 2.4.0 to 2.5.0,closed,2025-06-19 05:32:07+00:00,2025-06-20 14:37:37+00:00,2025-06-20 14:37:36+00:00,,dependabot[bot],"['dependencies', 'python']",False,0,,False
157,bump: clean package namespaces,closed,2025-06-18 15:32:17+00:00,2025-06-18 16:09:12+00:00,2025-06-18 16:09:11+00:00,2025-06-18 16:09:11+00:00,aviv-julienjehannet,[],True,0,0.615,False
156,fix: update Makefile contract target,closed,2025-06-18 15:08:29+00:00,2025-07-04 21:05:45+00:00,2025-07-04 21:05:42+00:00,,sl-fredericdalessandro,[],False,1,,False
155,feat: call tracking,closed,2025-06-18 14:23:04+00:00,2025-06-27 13:44:12+00:00,2025-06-27 13:44:11+00:00,2025-06-27 13:44:11+00:00,aviv-marekpowroznik,['data-contract'],True,39,215.35194444444446,True
154,feat: add IntelliJ project files and update Makefile,closed,2025-06-18 11:07:49+00:00,2025-06-18 14:08:00+00:00,2025-06-18 14:07:59+00:00,2025-06-18 14:07:59+00:00,sl-fredericdalessandro,[],True,8,3.0027777777777778,False
153,Feat/mcm 1915 : add boost self service data contract,closed,2025-06-18 08:24:54+00:00,2025-06-24 12:36:54+00:00,2025-06-24 12:36:53+00:00,2025-06-24 12:36:53+00:00,sl-nicolasmoteley,['data-contract'],True,3,148.19972222222222,True
152,chore(clsa): :wastebasket: ACVNLP-1961 Remove useless fields,closed,2025-06-17 21:38:25+00:00,2025-06-18 13:09:20+00:00,2025-06-18 13:09:18+00:00,2025-06-18 13:09:18+00:00,sl-victorceron,['data-contract'],True,0,15.514722222222222,True
151,fix: atom types are not types,closed,2025-06-17 11:18:37+00:00,2025-06-17 11:24:23+00:00,2025-06-17 11:24:21+00:00,2025-06-17 11:24:21+00:00,aviv-julienjehannet,[],True,0,0.09555555555555556,False
150,fix: Timestamp atom type is not a new type,closed,2025-06-16 11:00:54+00:00,2025-06-16 11:05:31+00:00,2025-06-16 11:05:29+00:00,2025-06-16 11:05:29+00:00,aviv-julienjehannet,[],True,0,0.0763888888888889,False
149,Feat/optional,closed,2025-06-14 10:27:01+00:00,2025-06-16 10:43:03+00:00,2025-06-16 10:43:01+00:00,2025-06-16 10:43:01+00:00,aviv-julienjehannet,['enhancement'],True,0,48.266666666666666,False
148,feat(rules): POL001 + POL002,closed,2025-06-13 16:56:38+00:00,2025-06-18 14:58:49+00:00,2025-06-18 14:58:48+00:00,2025-06-18 14:58:48+00:00,aviv-julienjehannet,['enhancement'],True,1,118.03611111111111,False
147,Feat/ACVNLP-1961 : :sparkles: Create Classified Analytics V2 contract,closed,2025-06-13 13:28:56+00:00,2025-06-17 13:41:54+00:00,2025-06-17 13:41:48+00:00,2025-06-17 13:41:48+00:00,sl-victorceron,['data-contract'],True,11,96.21444444444444,True
146,feat(rules): detect builtin for DF001,closed,2025-06-13 11:51:59+00:00,2025-06-13 17:27:35+00:00,2025-06-13 12:44:23+00:00,2025-06-13 12:44:22+00:00,aviv-julienjehannet,[],True,0,0.8730555555555556,False
145,feat: add functional monitoring contract v3,closed,2025-06-13 09:36:38+00:00,2025-06-13 12:06:28+00:00,2025-06-13 12:06:27+00:00,2025-06-13 12:06:26+00:00,aviv-zhaolongliu,[],True,0,2.4966666666666666,False
144,feat: add support for Timestamp (closes: #DATAPLT-161),closed,2025-06-11 08:12:46+00:00,2025-06-11 16:03:17+00:00,2025-06-11 15:58:32+00:00,2025-06-11 15:58:32+00:00,aviv-julienjehannet,['enhancement'],True,0,7.762777777777778,False
143,"fix: fix contract breaking change, add v2 schema",closed,2025-06-10 15:39:55+00:00,2025-06-10 16:42:15+00:00,2025-06-10 16:42:13+00:00,2025-06-10 16:42:13+00:00,aviv-zhaolongliu,[],True,0,1.0383333333333333,False
142,Feat/acvnlp 1907 functional monitoring schema update,closed,2025-06-10 12:52:21+00:00,2025-06-10 15:11:42+00:00,2025-06-10 15:11:40+00:00,2025-06-10 15:11:40+00:00,aviv-zhaolongliu,[],True,0,2.3219444444444446,False
141,build(deps-dev): bump requests from 2.32.3 to 2.32.4,closed,2025-06-10 12:45:27+00:00,2025-06-11 09:33:15+00:00,2025-06-11 09:33:07+00:00,,dependabot[bot],"['dependencies', 'python']",False,0,,False
140,Feat/properbird unique,closed,2025-06-09 13:15:58+00:00,2025-06-10 12:31:08+00:00,2025-06-10 12:31:06+00:00,2025-06-10 12:31:06+00:00,aviv-nsamardzic,[],True,0,23.252222222222223,False
139,style: mention rules book in data contract exception message,closed,2025-06-06 15:21:01+00:00,2025-06-11 16:03:26+00:00,2025-06-11 08:45:22+00:00,2025-06-11 08:45:22+00:00,aviv-julienjehannet,[],True,0,113.40583333333333,False
138,feat: add signifi table schema contract,closed,2025-06-05 12:43:06+00:00,2025-08-05 09:43:35+00:00,2025-07-31 14:27:18+00:00,2025-07-31 14:27:18+00:00,gsl-raniaelbouhssini,['data-contract'],True,169,1345.7366666666667,True
137,fix: add cases housing contracts,closed,2025-06-05 09:44:20+00:00,2025-10-14 11:58:34+00:00,2025-08-05 12:33:15+00:00,,Laitbelhoussein,"['data-contract', 'outdated', 'stale']",False,0,,True
136,Feat/properbird contracts,closed,2025-06-05 08:19:57+00:00,2025-06-25 11:14:43+00:00,2025-06-25 11:14:42+00:00,2025-06-25 11:14:41+00:00,aviv-imijatovic,['data-contract'],True,0,482.9122222222222,True
135,feat: add technical fields to parsed,closed,2025-06-03 13:24:20+00:00,2025-06-04 08:37:19+00:00,2025-06-04 08:37:17+00:00,2025-06-04 08:37:16+00:00,Laitbelhoussein,[],True,0,19.215555555555557,False
134,feat: support RootModel in avro conversion,closed,2025-06-02 14:04:36+00:00,2025-10-14 11:58:30+00:00,2025-08-19 13:29:58+00:00,,aviv-julienjehannet,"['bug', 'do_not_merge']",False,0,,False
133,opt lct,closed,2025-06-02 07:28:46+00:00,2025-06-03 09:32:44+00:00,2025-06-03 09:32:43+00:00,2025-06-03 09:32:43+00:00,aviv-tbalen,[],True,0,26.065833333333334,False
132,style: use common standard to lint data contracts,closed,2025-05-30 23:52:46+00:00,2025-06-11 16:03:56+00:00,2025-06-02 09:21:29+00:00,2025-06-02 09:21:29+00:00,aviv-julienjehannet,"['enhancement', 'good first issue']",True,0,57.478611111111114,False
131,fix(classifieds_analytics): minor compatible update for v1,closed,2025-05-30 20:06:53+00:00,2025-05-30 20:16:36+00:00,2025-05-30 20:16:35+00:00,2025-05-30 20:16:35+00:00,aviv-julienjehannet,[],True,0,0.16166666666666665,False
130,fix: wrong reference backref,closed,2025-05-30 19:54:59+00:00,2025-05-30 20:05:33+00:00,2025-05-30 20:05:31+00:00,2025-05-30 20:05:31+00:00,aviv-julienjehannet,[],True,0,0.17555555555555555,False
129,fix: report forward compatibility problems without blocking the roll-out,closed,2025-05-28 17:17:45+00:00,2025-05-30 20:23:34+00:00,2025-05-30 20:23:33+00:00,2025-05-30 20:23:33+00:00,aviv-julienjehannet,[],True,0,51.096666666666664,False
128,feat: Add functional monitoring data contract,closed,2025-05-28 14:18:53+00:00,2025-06-02 13:22:11+00:00,2025-06-02 13:22:10+00:00,2025-06-02 13:22:10+00:00,aviv-zhaolongliu,['data-contract'],True,4,119.05472222222222,True
127,ci: minor changes about cache,closed,2025-05-27 12:31:01+00:00,2025-05-27 14:09:09+00:00,2025-05-27 14:09:07+00:00,2025-05-27 14:09:07+00:00,aviv-julienjehannet,[],True,0,1.635,False
126,Fix/monorepo 1,closed,2025-05-27 08:21:54+00:00,2025-05-27 08:28:46+00:00,2025-05-27 08:28:44+00:00,2025-05-27 08:28:43+00:00,aviv-julienjehannet,[],True,0,0.11361111111111111,False
125,build: forget artifact files in repository. Must not interfere,closed,2025-05-26 15:22:27+00:00,2025-05-26 15:31:30+00:00,2025-05-26 15:31:27+00:00,2025-05-26 15:31:27+00:00,aviv-julienjehannet,[],True,0,0.15,False
124,Feat/messaging,closed,2025-05-22 09:02:13+00:00,2025-06-19 16:03:29+00:00,2025-06-19 16:03:28+00:00,2025-06-19 16:03:28+00:00,li-oliviergerffroy,['data-contract'],True,25,679.0208333333334,True
123,Feat/ingestion mode 2,closed,2025-05-21 11:59:47+00:00,2025-05-21 13:27:26+00:00,2025-05-21 13:27:25+00:00,2025-05-21 13:27:24+00:00,aviv-julienjehannet,[],True,0,1.4602777777777778,False
122,chore(ruff): update,closed,2025-05-21 10:27:28+00:00,2025-05-21 10:36:47+00:00,2025-05-21 10:36:45+00:00,2025-05-21 10:36:45+00:00,aviv-julienjehannet,[],True,0,0.15472222222222223,False
121,Soft Deletion,closed,2025-05-21 09:19:16+00:00,2025-08-05 12:31:58+00:00,2025-08-05 12:31:58+00:00,,aviv-fathallahelmasri,"['enhancement', 'do_not_merge']",False,0,,False
120,Fix/inheritance,closed,2025-05-20 09:04:04+00:00,2025-05-20 09:26:47+00:00,2025-05-20 09:26:45+00:00,2025-05-20 09:26:45+00:00,aviv-julienjehannet,[],True,0,0.37805555555555553,False
119,Classifieds analytics v2,closed,2025-05-19 14:20:36+00:00,2025-10-14 11:58:45+00:00,2025-05-19 14:29:01+00:00,,aviv-julienjehannet,[],False,0,,False
118,"Revert ""feat(properbird): added contracts for unique""",closed,2025-05-19 13:31:30+00:00,2025-05-19 13:33:14+00:00,2025-05-19 13:33:12+00:00,2025-05-19 13:33:12+00:00,aviv-julienjehannet,[],True,0,0.028333333333333332,False
117,feat(properbird): added contracts for unique,closed,2025-05-19 11:52:16+00:00,2025-05-19 11:54:00+00:00,2025-05-19 11:53:58+00:00,2025-05-19 11:53:58+00:00,aviv-tbalen,[],True,0,0.028333333333333332,False
116,feat: added support for the SNAPSHOT_HISTORY ingestion mode to enhanc…,closed,2025-05-16 16:48:46+00:00,2025-06-11 16:04:09+00:00,2025-05-19 15:45:24+00:00,2025-05-19 15:45:24+00:00,aviv-julienjehannet,['enhancement'],True,0,70.94388888888889,False
115,feat(rules): manage missing case example files,closed,2025-05-16 15:17:53+00:00,2025-06-02 11:30:04+00:00,2025-06-02 11:30:02+00:00,2025-06-02 11:30:01+00:00,aviv-julienjehannet,"['enhancement', 'good first issue']",True,0,404.20222222222225,False
114,fix: mark the partition and primary keys,closed,2025-05-14 10:20:56+00:00,2025-05-14 10:27:36+00:00,2025-05-14 10:27:34+00:00,2025-05-14 10:27:34+00:00,aviv-imijatovic,[],True,0,0.11055555555555556,False
113,fix: update CODEOWNERS,closed,2025-05-13 11:49:16+00:00,2025-05-13 11:53:48+00:00,2025-05-13 11:53:47+00:00,2025-05-13 11:53:47+00:00,aviv-julienjehannet,[],True,0,0.07527777777777778,False
112,Tslm 169 define data contract for proper bird bi,closed,2025-05-13 10:02:22+00:00,2025-05-14 10:19:26+00:00,2025-05-14 10:19:26+00:00,,aviv-imijatovic,['data-contract'],False,0,,True
111,fix: Add support for handling pull request-specific schemas,closed,2025-05-13 07:44:40+00:00,2025-05-19 15:50:53+00:00,2025-05-19 15:50:52+00:00,2025-05-19 15:50:52+00:00,sl-fredericdalessandro,[],True,0,152.10333333333332,False
110,Tslm 169 define data contract for proper bird bi,closed,2025-05-13 07:42:17+00:00,2025-05-13 08:07:04+00:00,2025-05-13 08:07:01+00:00,2025-05-13 08:07:01+00:00,aviv-imijatovic,[],True,0,0.4122222222222222,False
109,test,closed,2025-05-09 09:13:35+00:00,2025-05-09 09:21:14+00:00,2025-05-09 09:21:13+00:00,2025-05-09 09:21:13+00:00,aviv-tbalen,[],True,0,0.1272222222222222,False
108,feat: add new Intermediary Analytics contract,closed,2025-05-07 15:16:15+00:00,2025-10-14 11:58:43+00:00,2025-07-04 07:25:27+00:00,,sl-lydiachibane,"['data-contract', 'outdated']",False,3,,True
107,feat(poe): add registry command to delete schema,closed,2025-04-30 11:26:56+00:00,2025-04-30 11:36:01+00:00,2025-04-30 11:36:00+00:00,2025-04-30 11:36:00+00:00,aviv-julienjehannet,[],True,0,0.1511111111111111,False
106,Tslm 169 define data contract for proper bird bi,closed,2025-04-30 08:00:22+00:00,2025-04-30 08:01:23+00:00,2025-04-30 08:01:22+00:00,2025-04-30 08:01:22+00:00,aviv-imijatovic,[],True,0,0.016666666666666666,False
105,feat(contract): add policies annotation with ingestion mode as first …,closed,2025-04-29 13:44:42+00:00,2025-06-11 16:04:32+00:00,2025-05-02 15:04:12+00:00,2025-05-02 15:04:12+00:00,aviv-julienjehannet,['enhancement'],True,2,73.325,False
104,fix(properbird): set field default value,closed,2025-04-29 12:07:20+00:00,2025-04-29 12:10:40+00:00,2025-04-29 12:10:38+00:00,2025-04-29 12:10:38+00:00,aviv-imijatovic,[],True,0,0.055,False
103,Tslm 169 define data contract for proper bird bi,closed,2025-04-29 08:11:46+00:00,2025-04-29 08:15:00+00:00,2025-04-29 08:14:58+00:00,2025-04-29 08:14:58+00:00,aviv-imijatovic,[],True,0,0.05333333333333334,False
102,feat: implement basic raw ownership on 1 contract only,closed,2025-04-25 14:03:55+00:00,2025-04-28 12:13:41+00:00,2025-04-28 12:13:40+00:00,2025-04-28 12:13:40+00:00,aviv-julienjehannet,[],True,0,70.1625,False
101,Fix/pypoetry,closed,2025-04-24 19:51:15+00:00,2025-04-24 20:06:24+00:00,2025-04-24 20:06:22+00:00,2025-04-24 20:06:22+00:00,aviv-julienjehannet,[],True,0,0.25194444444444447,False
100,ci: fix validate target after the build (during publishing),closed,2025-04-24 19:09:05+00:00,2025-04-24 19:11:31+00:00,2025-04-24 19:11:29+00:00,2025-04-24 19:11:29+00:00,aviv-julienjehannet,[],True,0,0.04,False
99,ci: change poetry cache entry to include plugins,closed,2025-04-24 18:58:57+00:00,2025-04-24 19:01:33+00:00,2025-04-24 19:01:31+00:00,2025-04-24 19:01:31+00:00,aviv-julienjehannet,[],True,0,0.042777777777777776,False
98,feat(contract): allow new PartitionLayout YYYYMMDD setting,closed,2025-04-24 15:48:59+00:00,2025-06-18 13:32:39+00:00,2025-05-13 09:50:20+00:00,,aviv-julienjehannet,['enhancement'],False,0,,False
97,fix: make ci commit compatible to conventional commit format,closed,2025-04-24 15:40:25+00:00,2025-04-24 19:25:58+00:00,2025-04-24 19:25:56+00:00,2025-04-24 19:25:56+00:00,aviv-julienjehannet,[],True,0,3.758611111111111,False
96,Feat/new contract templating,closed,2025-04-24 15:16:34+00:00,2025-06-11 08:53:48+00:00,2025-06-11 08:53:46+00:00,2025-06-11 08:53:46+00:00,aviv-julienjehannet,"['enhancement', 'do_not_merge']",True,0,1145.62,False
95,chore: Specifications should not be part of the contract repository (closes: #DATAPLT-92),closed,2025-04-23 15:18:02+00:00,2025-04-23 15:21:38+00:00,2025-04-23 15:21:37+00:00,2025-04-23 15:21:36+00:00,aviv-julienjehannet,[],True,0,0.059444444444444446,False
94,feat: Rename glue_version into minor_version (closes: #DATAPLT-132),closed,2025-04-23 14:35:25+00:00,2025-04-23 15:16:30+00:00,2025-04-23 15:16:29+00:00,2025-04-23 15:16:29+00:00,aviv-julienjehannet,[],True,0,0.6844444444444444,False
93,Tslm 169 define data contract for proper bird bi,closed,2025-04-23 13:20:38+00:00,2025-04-23 13:25:08+00:00,2025-04-23 13:25:08+00:00,,aviv-julienjehannet,[],False,0,,False
92,Tslm 169 define data contract for proper bird bi,closed,2025-04-23 11:24:56+00:00,2025-04-23 13:20:30+00:00,2025-04-23 12:37:17+00:00,2025-04-23 12:37:17+00:00,aviv-imijatovic,[],True,0,1.2058333333333333,False
91,Feat/salesforce P1 init,closed,2025-04-23 07:53:43+00:00,2025-07-07 09:26:40+00:00,2025-07-07 09:26:39+00:00,2025-07-07 09:26:39+00:00,sl-nicolasmoteley,['data-contract'],True,33,1801.548888888889,True
90,Feat/display,closed,2025-04-22 07:58:22+00:00,2025-04-22 08:02:02+00:00,2025-04-22 08:02:01+00:00,2025-04-22 08:02:01+00:00,aviv-julienjehannet,[],True,0,0.060833333333333336,False
89,Feat/environment,closed,2025-04-18 11:14:30+00:00,2025-04-24 12:59:49+00:00,2025-04-24 12:59:47+00:00,2025-04-24 12:59:47+00:00,aviv-julienjehannet,[],True,0,145.75472222222223,False
88,feat: bump version to 0.0.25,closed,2025-04-18 09:47:02+00:00,2025-04-18 10:01:55+00:00,2025-04-18 10:01:53+00:00,2025-04-18 10:01:53+00:00,youcef15,[],True,0,0.2475,False
87,feat: AllListingsFr Properbird schema.,closed,2025-04-18 09:04:02+00:00,2025-04-18 09:14:34+00:00,2025-04-18 09:14:34+00:00,2025-04-18 09:14:34+00:00,aviv-imijatovic,[],True,0,0.17555555555555555,False
86,Feat/assumption ingestionperiod,closed,2025-04-16 18:31:36+00:00,2025-06-02 23:03:35+00:00,2025-06-02 23:03:35+00:00,,aviv-julienjehannet,"['enhancement', 'do_not_merge']",False,0,,False
85,feat: validation support for case example files directly into the con…,closed,2025-04-16 17:41:01+00:00,2025-04-17 09:07:09+00:00,2025-04-17 09:07:08+00:00,2025-04-17 09:07:08+00:00,aviv-julienjehannet,[],True,0,15.435277777777777,False
84,feat: validation support for case example files directly into the con…,closed,2025-04-16 17:33:08+00:00,2025-04-22 15:35:52+00:00,2025-04-22 15:35:51+00:00,2025-04-22 15:35:51+00:00,aviv-julienjehannet,[],True,2,142.04527777777778,False
83,Feat/test housing contracts,closed,2025-04-12 15:26:37+00:00,2025-04-17 14:05:51+00:00,2025-04-17 14:05:49+00:00,2025-04-17 14:05:49+00:00,youcef15,[],True,0,118.65333333333334,False
82,Feat/assertion ingestionperiod,closed,2025-04-08 16:00:43+00:00,2025-04-16 18:31:54+00:00,2025-04-16 18:31:54+00:00,,aviv-julienjehannet,[],False,0,,False
81,fix: expect str as valid type for parameter Versions,closed,2025-04-08 15:26:33+00:00,2025-04-08 15:28:11+00:00,2025-04-08 15:28:10+00:00,2025-04-08 15:28:10+00:00,aviv-julienjehannet,[],True,0,0.026944444444444444,False
80,docs: update README,closed,2025-04-08 10:54:59+00:00,2025-04-08 12:52:24+00:00,2025-04-08 12:52:22+00:00,2025-04-08 12:52:22+00:00,aviv-julienjehannet,[],True,0,1.956388888888889,False
79,feat: support uuid v4 format type in avro (logicalType remains uuid),closed,2025-04-08 10:16:00+00:00,2025-04-08 10:30:31+00:00,2025-04-08 10:30:29+00:00,2025-04-08 10:30:29+00:00,aviv-julienjehannet,[],True,0,0.24138888888888888,False
78,fix: Fix environment variable usage in PR versioning logic,closed,2025-04-08 09:14:08+00:00,2025-04-08 09:21:58+00:00,2025-04-08 09:21:57+00:00,2025-04-08 09:21:57+00:00,sl-fredericdalessandro,[],True,0,0.13027777777777777,False
77,Update README.md,closed,2025-04-07 15:43:39+00:00,2025-04-07 15:46:43+00:00,2025-04-07 15:46:42+00:00,2025-04-07 15:46:42+00:00,sl-fredericdalessandro,[],True,0,0.050833333333333335,False
76,feat: test ci,closed,2025-04-07 15:16:52+00:00,2025-04-07 19:44:47+00:00,2025-04-07 19:44:43+00:00,,youcef15,[],False,0,,False
75,feat: Support feature branch workflows,closed,2025-04-07 12:43:32+00:00,2025-04-07 15:34:29+00:00,2025-04-07 15:34:27+00:00,2025-04-07 15:34:27+00:00,sl-fredericdalessandro,[],True,0,2.848611111111111,False
74,feat: prepare Classifieds Analytics v2 + refactoring,closed,2025-04-07 11:55:43+00:00,2025-05-27 10:24:11+00:00,2025-05-27 10:24:09+00:00,2025-05-27 10:24:09+00:00,aviv-julienjehannet,['data-contract'],True,0,1198.473888888889,True
73,Feat/add housing data ssot contracts v2,closed,2025-04-04 13:22:17+00:00,2025-04-17 14:19:02+00:00,2025-04-17 14:19:02+00:00,,youcef15,[],False,6,,False
72,Feat/add housing data ssot contracts,closed,2025-04-03 06:48:40+00:00,2025-04-07 14:08:47+00:00,2025-04-07 14:08:47+00:00,,Laitbelhoussein,[],False,0,,False
71,feat: use cookiecutter to bootstrap new contract,closed,2025-04-02 17:00:19+00:00,2025-04-04 15:28:50+00:00,2025-04-04 15:28:49+00:00,2025-04-04 15:28:48+00:00,aviv-julienjehannet,[],True,0,46.47472222222222,False
70,style(pre-commit): forget artifact files,closed,2025-04-02 12:41:22+00:00,2025-04-02 12:43:41+00:00,2025-04-02 12:43:40+00:00,2025-04-02 12:43:40+00:00,aviv-julienjehannet,[],True,0,0.03833333333333333,False
69,add commit to trigger cicd,closed,2025-04-02 09:54:30+00:00,2025-04-02 10:00:54+00:00,2025-04-02 10:00:53+00:00,2025-04-02 10:00:53+00:00,ytallal,[],True,0,0.1063888888888889,False
68,Fix/build6,closed,2025-03-31 09:57:09+00:00,2025-03-31 09:59:55+00:00,2025-03-31 09:59:54+00:00,2025-03-31 09:59:54+00:00,sl-fredericdalessandro,[],True,0,0.04583333333333333,False
67,Fix/build5,closed,2025-03-31 09:47:20+00:00,2025-03-31 09:52:05+00:00,2025-03-31 09:52:03+00:00,2025-03-31 09:52:03+00:00,sl-fredericdalessandro,[],True,0,0.07861111111111112,False
66,Fix/build4,closed,2025-03-31 09:06:52+00:00,2025-03-31 09:08:47+00:00,2025-03-31 09:08:45+00:00,2025-03-31 09:08:45+00:00,sl-fredericdalessandro,[],True,0,0.03138888888888889,False
65,fix: add aws_account var,closed,2025-03-31 08:53:33+00:00,2025-03-31 08:55:15+00:00,2025-03-31 08:55:14+00:00,2025-03-31 08:55:14+00:00,sl-fredericdalessandro,[],True,0,0.028055555555555556,False
64,Feat/codeowners,closed,2025-03-28 16:49:40+00:00,2025-04-01 15:07:38+00:00,2025-04-01 15:07:36+00:00,2025-04-01 15:07:36+00:00,aviv-julienjehannet,[],True,0,94.29888888888888,False
63,Another iteration of schema changes and adding field descriptions.,closed,2025-03-28 14:45:28+00:00,2025-05-13 11:42:40+00:00,2025-05-13 11:42:38+00:00,2025-05-13 11:42:38+00:00,aviv-imijatovic,['data-contract'],True,42,1100.9527777777778,True
62,feat: add ingestion mode,closed,2025-03-28 13:30:24+00:00,2025-04-10 10:00:12+00:00,2025-04-10 10:00:12+00:00,,aviv-hamzaeljaoui,[],False,0,,False
61,feat(contracts): field description are mandatory,closed,2025-03-28 12:05:54+00:00,2025-04-01 08:27:26+00:00,2025-04-01 08:27:24+00:00,2025-04-01 08:27:24+00:00,aviv-julienjehannet,[],True,0,92.35833333333333,False
60,ci: add github action for pre-commit support,closed,2025-03-28 11:25:31+00:00,2025-03-28 12:01:09+00:00,2025-03-28 12:01:08+00:00,2025-03-28 12:01:08+00:00,aviv-julienjehannet,[],True,0,0.5936111111111111,False
59,feat: Add glue_version decorator + push on s3,closed,2025-03-27 10:35:49+00:00,2025-03-31 08:48:15+00:00,2025-03-31 08:48:13+00:00,2025-03-31 08:48:13+00:00,sl-fredericdalessandro,[],True,3,94.20666666666666,False
58,Update invoice_v1.py,closed,2025-03-26 13:29:38+00:00,2025-08-20 07:55:09+00:00,2025-03-28 14:57:57+00:00,,sl-fredericdalessandro,[],False,0,,False
57,feat(poetry): add dependency to aviv-data-modeling,closed,2025-03-25 17:00:09+00:00,2025-03-26 14:08:55+00:00,2025-03-26 14:08:53+00:00,2025-03-26 14:08:53+00:00,aviv-julienjehannet,[],True,0,21.145555555555557,False
56,fix(typo): standardize column names,closed,2025-03-25 11:46:50+00:00,2025-03-25 11:48:24+00:00,2025-03-25 11:48:22+00:00,2025-03-25 11:48:22+00:00,aviv-imijatovic,[],True,0,0.025555555555555557,False
55,feat: run contract format validation (basic rules for now),closed,2025-03-24 18:38:20+00:00,2025-03-25 08:34:21+00:00,2025-03-25 08:34:20+00:00,2025-03-25 08:34:20+00:00,aviv-julienjehannet,[],True,0,13.933333333333334,False
54,feat(add): initial contract for favorites part,closed,2025-03-24 13:31:43+00:00,2025-10-14 11:58:32+00:00,2025-08-05 12:30:46+00:00,,li-oliviergerffroy,"['data-contract', 'outdated', 'stale']",False,48,,True
53,feat: forget datalake storage zone except in the registry name,closed,2025-03-21 15:33:09+00:00,2025-03-24 07:37:47+00:00,2025-03-24 07:37:47+00:00,2025-03-24 07:37:47+00:00,aviv-julienjehannet,[],True,0,64.07722222222222,False
52,Feat/subtype,closed,2025-03-21 11:35:32+00:00,2025-03-21 14:28:13+00:00,2025-03-21 14:28:12+00:00,2025-03-21 14:28:12+00:00,aviv-julienjehannet,[],True,0,2.8777777777777778,False
51,fix: set contract default to None to fix validation error,closed,2025-03-21 09:49:09+00:00,2025-03-21 11:06:19+00:00,2025-03-21 11:06:19+00:00,2025-03-21 11:06:19+00:00,aviv-zhaolongliu,[],True,0,1.2861111111111112,False
50,feat: update example and schema with new portal enums,closed,2025-03-20 17:23:44+00:00,2025-03-21 10:00:06+00:00,2025-03-21 10:00:04+00:00,2025-03-21 10:00:04+00:00,aviv-zhaolongliu,[],True,0,16.605555555555554,False
49,fix: wrong call to method,closed,2025-03-20 13:34:15+00:00,2025-03-20 13:40:37+00:00,2025-03-20 13:40:35+00:00,2025-03-20 13:40:35+00:00,aviv-julienjehannet,[],True,0,0.10555555555555556,False
48,Feat/split codeset module,closed,2025-03-20 11:50:44+00:00,2025-03-20 13:03:41+00:00,2025-03-20 13:03:40+00:00,2025-03-20 13:03:40+00:00,aviv-julienjehannet,[],True,0,1.2155555555555555,False
47,"fix: update schema change and examples(channel, subtype)",closed,2025-03-19 15:27:53+00:00,2025-03-19 15:54:43+00:00,2025-03-19 15:54:41+00:00,2025-03-19 15:54:41+00:00,aviv-zhaolongliu,[],True,0,0.44666666666666666,False
46,feat: make table description mandatory,closed,2025-03-18 17:53:19+00:00,2025-03-19 09:05:59+00:00,2025-03-19 09:05:58+00:00,2025-03-19 09:05:58+00:00,aviv-julienjehannet,[],True,0,15.210833333333333,False
45,feat(specs/classifieds analytics): change data optional field definit…,closed,2025-03-18 13:25:23+00:00,2025-03-18 17:52:12+00:00,2025-03-18 17:52:10+00:00,2025-03-18 17:52:10+00:00,aviv-julienjehannet,[],True,0,4.4463888888888885,False
44,fix: export switch should honor contract folder when exporting avsc f…,closed,2025-03-18 11:39:22+00:00,2025-03-19 08:58:51+00:00,2025-03-19 08:58:50+00:00,2025-03-19 08:58:50+00:00,aviv-julienjehannet,[],True,0,21.324444444444445,False
43,feat(specs:classifieds analytics): forget CLASSIFIED_SHARED_SOCIAL_ME…,closed,2025-03-18 10:57:37+00:00,2025-03-19 09:21:54+00:00,2025-03-19 09:21:53+00:00,2025-03-19 09:21:53+00:00,aviv-julienjehannet,[],True,0,22.404444444444444,False
42,Fix/rc version,closed,2025-03-17 13:44:38+00:00,2025-03-17 13:46:03+00:00,2025-03-17 13:46:02+00:00,2025-03-17 13:46:02+00:00,sl-fredericdalessandro,[],True,0,0.023333333333333334,False
41,test: s3_connector_demo,closed,2025-03-14 14:36:28+00:00,2025-03-14 14:43:58+00:00,2025-03-14 14:43:58+00:00,,aviv-hamzaeljaoui,['do_not_merge'],False,0,,False
40,Update version,closed,2025-03-13 15:30:23+00:00,2025-03-13 15:51:44+00:00,2025-03-13 15:51:42+00:00,,aviv-bertrandmoundounga,[],False,0,,False
39,feat: update PartitionLayout + update to 0.0.15,closed,2025-03-13 13:53:22+00:00,2025-03-13 15:01:34+00:00,2025-03-13 15:01:34+00:00,,aviv-bertrandmoundounga,[],False,0,,False
38,feat: add PII annotation in data schema contract specification (level 0),closed,2025-03-13 12:57:33+00:00,2025-06-06 12:22:14+00:00,2025-06-06 12:22:13+00:00,2025-06-06 12:22:12+00:00,aviv-julienjehannet,"['enhancement', 'help wanted', 'do_not_merge']",True,0,2039.4108333333334,False
37,fix: deps and update to 0.0.15,closed,2025-03-11 17:40:07+00:00,2025-03-13 15:19:15+00:00,2025-03-13 15:19:13+00:00,2025-03-13 15:19:13+00:00,sl-fredericdalessandro,[],True,0,45.651666666666664,False
36,Fix/build1,closed,2025-03-11 16:28:57+00:00,2025-03-11 16:34:52+00:00,2025-03-11 16:34:50+00:00,2025-03-11 16:34:50+00:00,sl-fredericdalessandro,[],True,0,0.09805555555555556,False
35,Update classified_action_v1.py,closed,2025-03-11 16:08:23+00:00,2025-03-11 16:09:23+00:00,2025-03-11 16:09:20+00:00,2025-03-11 16:09:20+00:00,sl-fredericdalessandro,[],True,0,0.015833333333333335,False
34,Update terraform.yml,closed,2025-03-11 15:49:23+00:00,2025-03-11 16:07:13+00:00,2025-03-11 16:07:11+00:00,2025-03-11 16:07:11+00:00,sl-fredericdalessandro,[],True,0,0.2966666666666667,False
33,fix: remove terraform,closed,2025-03-10 15:54:35+00:00,2025-03-13 14:57:08+00:00,2025-03-13 14:57:06+00:00,2025-03-13 14:57:06+00:00,sl-fredericdalessandro,[],True,0,71.04194444444444,False
32,Feat/analytics payment contract,closed,2025-03-10 09:37:58+00:00,2025-03-18 09:23:38+00:00,2025-03-18 09:23:37+00:00,2025-03-18 09:23:37+00:00,aviv-imijatovic,[],True,0,191.76083333333332,False
31,feat: add classifieds analytics specs for collection event,closed,2025-03-07 16:45:02+00:00,2025-03-13 17:17:56+00:00,2025-03-13 17:17:55+00:00,2025-03-13 17:17:55+00:00,aviv-julienjehannet,[],True,44,144.54805555555555,False
30,fix: cleaning test and reduce code complexity,closed,2025-03-07 15:12:34+00:00,2025-03-10 13:54:27+00:00,2025-03-10 13:54:25+00:00,2025-03-10 13:54:25+00:00,aviv-julienjehannet,[],True,0,70.6975,False
29,feat: Update version format for dev/preview,closed,2025-03-07 14:06:37+00:00,2025-03-13 15:11:40+00:00,2025-03-13 15:11:35+00:00,,sl-fredericdalessandro,[],False,0,,False
28,feat: rework db names,closed,2025-03-06 14:27:04+00:00,2025-03-07 09:11:19+00:00,2025-03-07 09:11:18+00:00,2025-03-07 09:11:18+00:00,sl-fredericdalessandro,[],True,2,18.737222222222222,False
27,feat: rename main database for all classifieds analytics contracts,closed,2025-03-06 11:29:34+00:00,2025-03-06 18:00:09+00:00,2025-03-06 18:00:09+00:00,,aviv-julienjehannet,[],False,0,,False
26,chore: update event connector ecs role,closed,2025-03-06 07:52:29+00:00,2025-03-06 09:04:36+00:00,2025-03-06 09:04:35+00:00,2025-03-06 09:04:35+00:00,ahached,[],True,0,1.2016666666666667,False
25,chore: init preview env,closed,2025-02-27 16:10:46+00:00,2025-02-28 08:28:36+00:00,2025-02-28 08:28:34+00:00,2025-02-28 08:28:34+00:00,ytallal,[],True,0,16.296666666666667,False
24,feat(contracts): prepare annotation syntax to facilitate data platfor…,closed,2025-02-27 09:26:40+00:00,2025-02-28 16:15:56+00:00,2025-02-28 16:15:54+00:00,2025-02-28 16:15:54+00:00,aviv-julienjehannet,[],True,0,30.820555555555554,False
23,feat(contracts): support any custom property by dict usage,closed,2025-02-26 11:49:21+00:00,2025-02-26 16:25:24+00:00,2025-02-26 16:25:22+00:00,2025-02-26 16:25:22+00:00,aviv-julienjehannet,[],True,0,4.6002777777777775,False
22,fix glue permissions,closed,2025-02-25 17:27:34+00:00,2025-02-26 08:39:20+00:00,2025-02-26 08:39:17+00:00,2025-02-26 08:39:17+00:00,ytallal,[],True,0,15.195277777777777,False
21,chore: add classified analytics dev producers,closed,2025-02-24 16:52:17+00:00,2025-02-24 17:03:18+00:00,2025-02-24 17:03:16+00:00,2025-02-24 17:03:15+00:00,ahached,[],True,0,0.1827777777777778,False
20,doc: add table descriptions,closed,2025-02-21 09:01:59+00:00,2025-04-18 17:00:50+00:00,2025-02-25 15:12:54+00:00,2025-02-25 15:12:54+00:00,aviv-julienjehannet,[],True,0,102.18194444444444,False
19,debug ci,closed,2025-02-20 21:29:56+00:00,2025-02-20 22:30:38+00:00,2025-02-20 22:30:38+00:00,,ytallal,[],False,0,,False
18,ci: disable caches,closed,2025-02-20 11:47:15+00:00,2025-02-20 22:23:25+00:00,2025-02-20 22:23:22+00:00,2025-02-20 22:23:22+00:00,aviv-julienjehannet,[],True,0,10.601944444444445,False
17,chore: debug,closed,2025-02-20 10:29:35+00:00,2025-02-20 21:29:19+00:00,2025-02-20 21:29:19+00:00,,ytallal,[],False,0,,False
16,Add `allowed properties` comment and bump version to 0.0.12a0,closed,2025-02-20 10:13:37+00:00,2025-02-20 10:17:39+00:00,2025-02-20 10:17:38+00:00,2025-02-20 10:17:38+00:00,sl-fredericdalessandro,[],True,0,0.06694444444444445,False
15,Fix/build version,closed,2025-02-19 18:29:17+00:00,2025-02-19 18:33:09+00:00,2025-02-19 18:33:07+00:00,2025-02-19 18:33:07+00:00,sl-fredericdalessandro,[],True,0,0.06388888888888888,False
14,add classified analytics local producer,closed,2025-02-19 18:15:59+00:00,2025-02-19 18:29:09+00:00,2025-02-19 18:29:06+00:00,2025-02-19 18:29:06+00:00,ytallal,[],True,0,0.21861111111111112,False
13,Bump version and fix version formatting in scripts.,closed,2025-02-19 17:57:14+00:00,2025-02-19 18:19:44+00:00,2025-02-19 18:19:42+00:00,2025-02-19 18:19:42+00:00,sl-fredericdalessandro,[],True,0,0.37444444444444447,False
12,Simplify version formatting in deployment script,closed,2025-02-19 17:29:35+00:00,2025-02-19 17:44:23+00:00,2025-02-19 17:44:20+00:00,2025-02-19 17:44:20+00:00,sl-fredericdalessandro,[],True,0,0.24583333333333332,False
11,Refactor schema handling to use Contract instead of AvroBase,closed,2025-02-19 15:42:32+00:00,2025-02-19 16:33:26+00:00,2025-02-19 16:33:25+00:00,2025-02-19 16:33:25+00:00,sl-fredericdalessandro,[],True,0,0.8480555555555556,False
10,Refactor schemas and add CLDP event contracts.,closed,2025-02-19 14:51:57+00:00,2025-02-19 15:01:15+00:00,2025-02-19 15:01:13+00:00,2025-02-19 15:01:13+00:00,sl-fredericdalessandro,[],True,0,0.15444444444444444,False
9,fix: Add support for `partitionLayout` in metadata and schema,closed,2025-02-19 10:19:19+00:00,2025-02-19 14:43:50+00:00,2025-02-19 14:43:47+00:00,2025-02-19 14:43:47+00:00,sl-fredericdalessandro,[],True,0,4.407777777777778,False
8,Init terraform code,closed,2025-02-18 15:57:06+00:00,2025-02-19 14:50:50+00:00,2025-02-19 14:50:48+00:00,2025-02-19 14:50:48+00:00,ytallal,[],True,0,22.895,False
7,Init terraform code,closed,2025-02-17 17:50:14+00:00,2025-02-18 15:56:45+00:00,2025-02-18 15:56:45+00:00,,ytallal,[],False,0,,False
6,feat(contracts): table metadata support,closed,2025-02-17 16:36:07+00:00,2025-02-20 11:35:31+00:00,2025-02-20 11:35:29+00:00,2025-02-20 11:35:29+00:00,aviv-julienjehannet,[],True,0,66.98944444444444,False
5,Update pyproject.toml,closed,2025-02-17 15:55:43+00:00,2025-02-17 15:56:38+00:00,2025-02-17 15:56:36+00:00,2025-02-17 15:56:36+00:00,sl-fredericdalessandro,[],True,0,0.014722222222222222,False
4,Update pyproject.toml,closed,2025-02-17 15:33:07+00:00,2025-02-17 15:47:01+00:00,2025-02-17 15:46:58+00:00,2025-02-17 15:46:58+00:00,sl-fredericdalessandro,[],True,0,0.23083333333333333,False
3,fix: build,closed,2025-02-17 11:24:17+00:00,2025-02-17 12:55:33+00:00,2025-02-17 12:55:30+00:00,2025-02-17 12:55:30+00:00,sl-fredericdalessandro,[],True,0,1.5202777777777778,False
2,chore: allow library to be used with aioboto3 (boto3 <= 1.36.4),closed,2025-02-17 10:27:19+00:00,2025-02-17 10:30:37+00:00,2025-02-17 10:30:34+00:00,2025-02-17 10:30:34+00:00,DimitriKouliche,[],True,0,0.05416666666666667,False
1,feat: DATAPLT-25 - Create schema custom properties set,closed,2025-02-13 10:07:51+00:00,2025-02-17 13:29:57+00:00,2025-02-17 13:29:56+00:00,2025-02-17 13:29:56+00:00,sl-fredericdalessandro,[],True,4,99.36805555555556,False
